./noTranspose, 2, 1, 0.000954, 0.017, 0.020000
./noTranspose, 2, 1, 0.000954, 0.017, 0.020000
./noTranspose, 2, 1, 0.001907, 0.008, 0.020000
./noTranspose, 2, 1, 0.000000, inf, 0.020000
./noTranspose, 2, 1, 0.000954, 0.017, 0.020000
./noTranspose, 2, 2, 0.001192, 0.013, 0.020000
./noTranspose, 2, 2, 0.000954, 0.017, 0.020000
./noTranspose, 2, 2, 0.000000, inf, 0.020000
./noTranspose, 2, 2, 0.000000, inf, 0.020000
./noTranspose, 2, 2, 0.000000, inf, 0.020000
./noTranspose, 2, 4, 0.000954, 0.017, 0.020000
./noTranspose, 2, 4, 0.000000, inf, 0.020000
./noTranspose, 2, 4, 0.000000, inf, 0.020000
./noTranspose, 2, 4, 0.000954, 0.017, 0.020000
./noTranspose, 2, 4, 0.000000, inf, 0.020000
./noTranspose, 2, 8, 0.000954, 0.017, 0.020000
./noTranspose, 2, 8, 0.000000, inf, 0.020000
./noTranspose, 2, 8, 0.000000, inf, 0.020000
./noTranspose, 2, 8, 0.000000, inf, 0.020000
./noTranspose, 2, 8, 0.000000, inf, 0.020000
./noTranspose, 2, 16, 0.001192, 0.013, 0.020000
./noTranspose, 2, 16, 0.000000, inf, 0.020000
./noTranspose, 2, 16, 0.000000, inf, 0.020000
./noTranspose, 2, 16, 0.000000, inf, 0.020000
./noTranspose, 2, 16, 0.000000, inf, 0.020000
./noTranspose, 2, 32, 0.000000, inf, 0.020000
./noTranspose, 2, 32, 0.000954, 0.017, 0.020000
./noTranspose, 2, 32, 0.000954, 0.017, 0.020000
./noTranspose, 2, 32, 0.000000, inf, 0.020000
./noTranspose, 2, 32, 0.000000, inf, 0.020000
./noTranspose, 2, 64, 0.000954, 0.017, 0.020000
./noTranspose, 2, 64, 0.000000, inf, 0.020000
./noTranspose, 2, 64, 0.000000, inf, 0.020000
./noTranspose, 2, 64, 0.000000, inf, 0.020000
./noTranspose, 2, 64, 0.000000, inf, 0.020000
./noTranspose, 2, 128, 0.001907, 0.008, 0.020000
./noTranspose, 2, 128, 0.000000, inf, 0.020000
./noTranspose, 2, 128, 0.001192, 0.013, 0.020000
./noTranspose, 2, 128, 0.000000, inf, 0.020000
./noTranspose, 2, 128, 0.000000, inf, 0.020000
./noTranspose, 2, 256, 0.000954, 0.017, 0.020000
./noTranspose, 2, 256, 0.000954, 0.017, 0.020000
./noTranspose, 2, 256, 0.000000, inf, 0.020000
./noTranspose, 2, 256, 0.000000, inf, 0.020000
./noTranspose, 2, 256, 0.000000, inf, 0.020000
./noTranspose, 2, 512, 0.000954, 0.017, 0.020000
./noTranspose, 2, 512, 0.000000, inf, 0.020000
./noTranspose, 2, 512, 0.000000, inf, 0.020000
./noTranspose, 2, 512, 0.000000, inf, 0.020000
./noTranspose, 2, 512, 0.000000, inf, 0.020000
./noTranspose, 2, 1024, 0.000954, 0.017, 0.020000
./noTranspose, 2, 1024, 0.001192, 0.013, 0.020000
./noTranspose, 2, 1024, 0.000954, 0.017, 0.020000
./noTranspose, 2, 1024, 0.000954, 0.017, 0.020000
./noTranspose, 2, 1024, 0.000000, inf, 0.020000
./noTranspose, 2, 2048, 0.000000, inf, 0.020000
./noTranspose, 2, 2048, 0.000000, inf, 0.020000
./noTranspose, 2, 2048, 0.000000, inf, 0.020000
./noTranspose, 2, 2048, 0.001192, 0.013, 0.020000
./noTranspose, 2, 2048, 0.000000, inf, 0.020000
./noTranspose, 2, 4096, 0.000000, inf, 0.020000
./noTranspose, 2, 4096, 0.000000, inf, 0.020000
./noTranspose, 2, 4096, 0.000000, inf, 0.020000
./noTranspose, 2, 4096, 0.000000, inf, 0.020000
./noTranspose, 2, 4096, 0.000954, 0.017, 0.020000
./noTranspose, 2, 8192, 0.000954, 0.017, 0.020000
./noTranspose, 2, 8192, 0.000954, 0.017, 0.020000
./noTranspose, 2, 8192, 0.000000, inf, 0.020000
./noTranspose, 2, 8192, 0.000954, 0.017, 0.020000
./noTranspose, 2, 8192, 0.000000, inf, 0.020000
./noTranspose, 2, 16384, 0.000000, inf, 0.020000
./noTranspose, 2, 16384, 0.000000, inf, 0.020000
./noTranspose, 2, 16384, 0.000954, 0.017, 0.020000
./noTranspose, 2, 16384, 0.000000, inf, 0.020000
./noTranspose, 2, 16384, 0.000000, inf, 0.020000
./noTranspose, 2, 32768, 0.000954, 0.017, 0.020000
./noTranspose, 2, 32768, 0.000000, inf, 0.020000
./noTranspose, 2, 32768, 0.001192, 0.013, 0.020000
./noTranspose, 2, 32768, 0.000000, inf, 0.020000
./noTranspose, 2, 32768, 0.000954, 0.017, 0.020000
./noTranspose, 4, 1, 0.000954, 0.134, 0.280000
./noTranspose, 4, 1, 0.001907, 0.067, 0.280000
./noTranspose, 4, 1, 0.001907, 0.067, 0.280000
./noTranspose, 4, 1, 0.000954, 0.134, 0.280000
./noTranspose, 4, 1, 0.001907, 0.067, 0.280000
./noTranspose, 4, 2, 0.000000, inf, 0.280000
./noTranspose, 4, 2, 0.000954, 0.134, 0.280000
./noTranspose, 4, 2, 0.000000, inf, 0.280000
./noTranspose, 4, 2, 0.000954, 0.134, 0.280000
./noTranspose, 4, 2, 0.000954, 0.134, 0.280000
./noTranspose, 4, 4, 0.000000, inf, 0.280000
./noTranspose, 4, 4, 0.000954, 0.134, 0.280000
./noTranspose, 4, 4, 0.001192, 0.107, 0.280000
./noTranspose, 4, 4, 0.001192, 0.107, 0.280000
./noTranspose, 4, 4, 0.000954, 0.134, 0.280000
./noTranspose, 4, 8, 0.001192, 0.107, 0.280000
./noTranspose, 4, 8, 0.000954, 0.134, 0.280000
./noTranspose, 4, 8, 0.000954, 0.134, 0.280000
./noTranspose, 4, 8, 0.000000, inf, 0.280000
./noTranspose, 4, 8, 0.001192, 0.107, 0.280000
./noTranspose, 4, 16, 0.000000, inf, 0.280000
./noTranspose, 4, 16, 0.000954, 0.134, 0.280000
./noTranspose, 4, 16, 0.000954, 0.134, 0.280000
./noTranspose, 4, 16, 0.000954, 0.134, 0.280000
./noTranspose, 4, 16, 0.000954, 0.134, 0.280000
./noTranspose, 4, 32, 0.000954, 0.134, 0.280000
./noTranspose, 4, 32, 0.000954, 0.134, 0.280000
./noTranspose, 4, 32, 0.001192, 0.107, 0.280000
./noTranspose, 4, 32, 0.000954, 0.134, 0.280000
./noTranspose, 4, 32, 0.000000, inf, 0.280000
./noTranspose, 4, 64, 0.000954, 0.134, 0.280000
./noTranspose, 4, 64, 0.000954, 0.134, 0.280000
./noTranspose, 4, 64, 0.000954, 0.134, 0.280000
./noTranspose, 4, 64, 0.000954, 0.134, 0.280000
./noTranspose, 4, 64, 0.000954, 0.134, 0.280000
./noTranspose, 4, 128, 0.000954, 0.134, 0.280000
./noTranspose, 4, 128, 0.000954, 0.134, 0.280000
./noTranspose, 4, 128, 0.000954, 0.134, 0.280000
./noTranspose, 4, 128, 0.000000, inf, 0.280000
./noTranspose, 4, 128, 0.000000, inf, 0.280000
./noTranspose, 4, 256, 0.000954, 0.134, 0.280000
./noTranspose, 4, 256, 0.000000, inf, 0.280000
./noTranspose, 4, 256, 0.000000, inf, 0.280000
./noTranspose, 4, 256, 0.000000, inf, 0.280000
./noTranspose, 4, 256, 0.000000, inf, 0.280000
./noTranspose, 4, 512, 0.000954, 0.134, 0.280000
./noTranspose, 4, 512, 0.000954, 0.134, 0.280000
./noTranspose, 4, 512, 0.000954, 0.134, 0.280000
./noTranspose, 4, 512, 0.000000, inf, 0.280000
./noTranspose, 4, 512, 0.000954, 0.134, 0.280000
./noTranspose, 4, 1024, 0.000954, 0.134, 0.280000
./noTranspose, 4, 1024, 0.000954, 0.134, 0.280000
./noTranspose, 4, 1024, 0.000000, inf, 0.280000
./noTranspose, 4, 1024, 0.000954, 0.134, 0.280000
./noTranspose, 4, 1024, 0.000000, inf, 0.280000
./noTranspose, 4, 2048, 0.000954, 0.134, 0.280000
./noTranspose, 4, 2048, 0.000000, inf, 0.280000
./noTranspose, 4, 2048, 0.000954, 0.134, 0.280000
./noTranspose, 4, 2048, 0.001192, 0.107, 0.280000
./noTranspose, 4, 2048, 0.000954, 0.134, 0.280000
./noTranspose, 4, 4096, 0.000954, 0.134, 0.280000
./noTranspose, 4, 4096, 0.000954, 0.134, 0.280000
./noTranspose, 4, 4096, 0.000000, inf, 0.280000
./noTranspose, 4, 4096, 0.000954, 0.134, 0.280000
./noTranspose, 4, 4096, 0.000954, 0.134, 0.280000
./noTranspose, 4, 8192, 0.000000, inf, 0.280000
./noTranspose, 4, 8192, 0.000954, 0.134, 0.280000
./noTranspose, 4, 8192, 0.000954, 0.134, 0.280000
./noTranspose, 4, 8192, 0.000954, 0.134, 0.280000
./noTranspose, 4, 8192, 0.000954, 0.134, 0.280000
./noTranspose, 4, 16384, 0.000000, inf, 0.280000
./noTranspose, 4, 16384, 0.000954, 0.134, 0.280000
./noTranspose, 4, 16384, 0.001192, 0.107, 0.280000
./noTranspose, 4, 16384, 0.000954, 0.134, 0.280000
./noTranspose, 4, 16384, 0.000954, 0.134, 0.280000
./noTranspose, 4, 32768, 0.001192, 0.107, 0.280000
./noTranspose, 4, 32768, 0.000000, inf, 0.280000
./noTranspose, 4, 32768, 0.000954, 0.134, 0.280000
./noTranspose, 4, 32768, 0.000000, inf, 0.280000
./noTranspose, 4, 32768, 0.000954, 0.134, 0.280000
./noTranspose, 8, 1, 0.005960, 0.172, 2.800000
./noTranspose, 8, 1, 0.005960, 0.172, 2.800000
./noTranspose, 8, 1, 0.005960, 0.172, 2.800000
./noTranspose, 8, 1, 0.005007, 0.205, 2.800000
./noTranspose, 8, 1, 0.005007, 0.205, 2.800000
./noTranspose, 8, 2, 0.002861, 0.358, 2.800000
./noTranspose, 8, 2, 0.003815, 0.268, 2.800000
./noTranspose, 8, 2, 0.003099, 0.330, 2.800000
./noTranspose, 8, 2, 0.002861, 0.358, 2.800000
./noTranspose, 8, 2, 0.002861, 0.358, 2.800000
./noTranspose, 8, 4, 0.003099, 0.330, 2.800000
./noTranspose, 8, 4, 0.001907, 0.537, 2.800000
./noTranspose, 8, 4, 0.004053, 0.253, 2.800000
./noTranspose, 8, 4, 0.003099, 0.330, 2.800000
./noTranspose, 8, 4, 0.003099, 0.330, 2.800000
./noTranspose, 8, 8, 0.003099, 0.330, 2.800000
./noTranspose, 8, 8, 0.003099, 0.330, 2.800000
./noTranspose, 8, 8, 0.003099, 0.330, 2.800000
./noTranspose, 8, 8, 0.002146, 0.477, 2.800000
./noTranspose, 8, 8, 0.001907, 0.537, 2.800000
./noTranspose, 8, 16, 0.002861, 0.358, 2.800000
./noTranspose, 8, 16, 0.002146, 0.477, 2.800000
./noTranspose, 8, 16, 0.001907, 0.537, 2.800000
./noTranspose, 8, 16, 0.002861, 0.358, 2.800000
./noTranspose, 8, 16, 0.003099, 0.330, 2.800000
./noTranspose, 8, 32, 0.003099, 0.330, 2.800000
./noTranspose, 8, 32, 0.002861, 0.358, 2.800000
./noTranspose, 8, 32, 0.003099, 0.330, 2.800000
./noTranspose, 8, 32, 0.001907, 0.537, 2.800000
./noTranspose, 8, 32, 0.002146, 0.477, 2.800000
./noTranspose, 8, 64, 0.002861, 0.358, 2.800000
./noTranspose, 8, 64, 0.002861, 0.358, 2.800000
./noTranspose, 8, 64, 0.002146, 0.477, 2.800000
./noTranspose, 8, 64, 0.003099, 0.330, 2.800000
./noTranspose, 8, 64, 0.002861, 0.358, 2.800000
./noTranspose, 8, 128, 0.002146, 0.477, 2.800000
./noTranspose, 8, 128, 0.001907, 0.537, 2.800000
./noTranspose, 8, 128, 0.003099, 0.330, 2.800000
./noTranspose, 8, 128, 0.002861, 0.358, 2.800000
./noTranspose, 8, 128, 0.003099, 0.330, 2.800000
./noTranspose, 8, 256, 0.003099, 0.330, 2.800000
./noTranspose, 8, 256, 0.002146, 0.477, 2.800000
./noTranspose, 8, 256, 0.003099, 0.330, 2.800000
./noTranspose, 8, 256, 0.001907, 0.537, 2.800000
./noTranspose, 8, 256, 0.002861, 0.358, 2.800000
./noTranspose, 8, 512, 0.003099, 0.330, 2.800000
./noTranspose, 8, 512, 0.003099, 0.330, 2.800000
./noTranspose, 8, 512, 0.002861, 0.358, 2.800000
./noTranspose, 8, 512, 0.012159, 0.084, 2.800000
./noTranspose, 8, 512, 0.003099, 0.330, 2.800000
./noTranspose, 8, 1024, 0.003099, 0.330, 2.800000
./noTranspose, 8, 1024, 0.003099, 0.330, 2.800000
./noTranspose, 8, 1024, 0.003099, 0.330, 2.800000
./noTranspose, 8, 1024, 0.003099, 0.330, 2.800000
./noTranspose, 8, 1024, 0.002861, 0.358, 2.800000
./noTranspose, 8, 2048, 0.003099, 0.330, 2.800000
./noTranspose, 8, 2048, 0.002861, 0.358, 2.800000
./noTranspose, 8, 2048, 0.003099, 0.330, 2.800000
./noTranspose, 8, 2048, 0.003099, 0.330, 2.800000
./noTranspose, 8, 2048, 0.003099, 0.330, 2.800000
./noTranspose, 8, 4096, 0.002861, 0.358, 2.800000
./noTranspose, 8, 4096, 0.001907, 0.537, 2.800000
./noTranspose, 8, 4096, 0.002861, 0.358, 2.800000
./noTranspose, 8, 4096, 0.001907, 0.537, 2.800000
./noTranspose, 8, 4096, 0.003099, 0.330, 2.800000
./noTranspose, 8, 8192, 0.003099, 0.330, 2.800000
./noTranspose, 8, 8192, 0.001907, 0.537, 2.800000
./noTranspose, 8, 8192, 0.003099, 0.330, 2.800000
./noTranspose, 8, 8192, 0.003099, 0.330, 2.800000
./noTranspose, 8, 8192, 0.002861, 0.358, 2.800000
./noTranspose, 8, 16384, 0.002861, 0.358, 2.800000
./noTranspose, 8, 16384, 0.002861, 0.358, 2.800000
./noTranspose, 8, 16384, 0.002861, 0.358, 2.800000
./noTranspose, 8, 16384, 0.002861, 0.358, 2.800000
./noTranspose, 8, 16384, 0.002861, 0.358, 2.800000
./noTranspose, 8, 32768, 0.002146, 0.477, 2.800000
./noTranspose, 8, 32768, 0.003099, 0.330, 2.800000
./noTranspose, 8, 32768, 0.001907, 0.537, 2.800000
./noTranspose, 8, 32768, 0.002861, 0.358, 2.800000
./noTranspose, 8, 32768, 0.002861, 0.358, 2.800000
./noTranspose, 16, 1, 0.042200, 0.194, 24.799999
./noTranspose, 16, 1, 0.043869, 0.187, 24.799999
./noTranspose, 16, 1, 0.040054, 0.205, 24.799999
./noTranspose, 16, 1, 0.041008, 0.200, 24.799999
./noTranspose, 16, 1, 0.041008, 0.200, 24.799999
./noTranspose, 16, 2, 0.024080, 0.340, 24.799999
./noTranspose, 16, 2, 0.023842, 0.344, 24.799999
./noTranspose, 16, 2, 0.022888, 0.358, 24.799999
./noTranspose, 16, 2, 0.024080, 0.340, 24.799999
./noTranspose, 16, 2, 0.023127, 0.354, 24.799999
./noTranspose, 16, 4, 0.018835, 0.435, 24.799999
./noTranspose, 16, 4, 0.020027, 0.409, 24.799999
./noTranspose, 16, 4, 0.020027, 0.409, 24.799999
./noTranspose, 16, 4, 0.021219, 0.386, 24.799999
./noTranspose, 16, 4, 0.020027, 0.409, 24.799999
./noTranspose, 16, 8, 0.018835, 0.435, 24.799999
./noTranspose, 16, 8, 0.018835, 0.435, 24.799999
./noTranspose, 16, 8, 0.019073, 0.429, 24.799999
./noTranspose, 16, 8, 0.018835, 0.435, 24.799999
./noTranspose, 16, 8, 0.017881, 0.458, 24.799999
./noTranspose, 16, 16, 0.017881, 0.458, 24.799999
./noTranspose, 16, 16, 0.017166, 0.477, 24.799999
./noTranspose, 16, 16, 0.016928, 0.484, 24.799999
./noTranspose, 16, 16, 0.018120, 0.452, 24.799999
./noTranspose, 16, 16, 0.017881, 0.458, 24.799999
./noTranspose, 16, 32, 0.017881, 0.458, 24.799999
./noTranspose, 16, 32, 0.018120, 0.452, 24.799999
./noTranspose, 16, 32, 0.017166, 0.477, 24.799999
./noTranspose, 16, 32, 0.016928, 0.484, 24.799999
./noTranspose, 16, 32, 0.018120, 0.452, 24.799999
./noTranspose, 16, 64, 0.017881, 0.458, 24.799999
./noTranspose, 16, 64, 0.017166, 0.477, 24.799999
./noTranspose, 16, 64, 0.017881, 0.458, 24.799999
./noTranspose, 16, 64, 0.016928, 0.484, 24.799999
./noTranspose, 16, 64, 0.017881, 0.458, 24.799999
./noTranspose, 16, 128, 0.017881, 0.458, 24.799999
./noTranspose, 16, 128, 0.017166, 0.477, 24.799999
./noTranspose, 16, 128, 0.016928, 0.484, 24.799999
./noTranspose, 16, 128, 0.018120, 0.452, 24.799999
./noTranspose, 16, 128, 0.018120, 0.452, 24.799999
./noTranspose, 16, 256, 0.016928, 0.484, 24.799999
./noTranspose, 16, 256, 0.017881, 0.458, 24.799999
./noTranspose, 16, 256, 0.018120, 0.452, 24.799999
./noTranspose, 16, 256, 0.018120, 0.452, 24.799999
./noTranspose, 16, 256, 0.017881, 0.458, 24.799999
./noTranspose, 16, 512, 0.016928, 0.484, 24.799999
./noTranspose, 16, 512, 0.017881, 0.458, 24.799999
./noTranspose, 16, 512, 0.017166, 0.477, 24.799999
./noTranspose, 16, 512, 0.018120, 0.452, 24.799999
./noTranspose, 16, 512, 0.018120, 0.452, 24.799999
./noTranspose, 16, 1024, 0.016928, 0.484, 24.799999
./noTranspose, 16, 1024, 0.016928, 0.484, 24.799999
./noTranspose, 16, 1024, 0.018120, 0.452, 24.799999
./noTranspose, 16, 1024, 0.017166, 0.477, 24.799999
./noTranspose, 16, 1024, 0.018120, 0.452, 24.799999
./noTranspose, 16, 2048, 0.018835, 0.435, 24.799999
./noTranspose, 16, 2048, 0.017881, 0.458, 24.799999
./noTranspose, 16, 2048, 0.018120, 0.452, 24.799999
./noTranspose, 16, 2048, 0.017166, 0.477, 24.799999
./noTranspose, 16, 2048, 0.017881, 0.458, 24.799999
./noTranspose, 16, 4096, 0.016928, 0.484, 24.799999
./noTranspose, 16, 4096, 0.017881, 0.458, 24.799999
./noTranspose, 16, 4096, 0.017881, 0.458, 24.799999
./noTranspose, 16, 4096, 0.016928, 0.484, 24.799999
./noTranspose, 16, 4096, 0.018120, 0.452, 24.799999
./noTranspose, 16, 8192, 0.017166, 0.477, 24.799999
./noTranspose, 16, 8192, 0.017881, 0.458, 24.799999
./noTranspose, 16, 8192, 0.017881, 0.458, 24.799999
./noTranspose, 16, 8192, 0.016928, 0.484, 24.799999
./noTranspose, 16, 8192, 0.017881, 0.458, 24.799999
./noTranspose, 16, 16384, 0.017166, 0.477, 24.799999
./noTranspose, 16, 16384, 0.016928, 0.484, 24.799999
./noTranspose, 16, 16384, 0.018120, 0.452, 24.799999
./noTranspose, 16, 16384, 0.018120, 0.452, 24.799999
./noTranspose, 16, 16384, 0.018120, 0.452, 24.799999
./noTranspose, 16, 32768, 0.018120, 0.452, 24.799999
./noTranspose, 16, 32768, 0.017881, 0.458, 24.799999
./noTranspose, 16, 32768, 0.017881, 0.458, 24.799999
./noTranspose, 16, 32768, 0.017166, 0.477, 24.799999
./noTranspose, 16, 32768, 0.017881, 0.458, 24.799999
./noTranspose, 32, 1, 0.298023, 0.220, 208.319992
./noTranspose, 32, 1, 0.298977, 0.219, 208.319992
./noTranspose, 32, 1, 0.300169, 0.218, 208.319992
./noTranspose, 32, 1, 0.298023, 0.220, 208.319992
./noTranspose, 32, 1, 0.298023, 0.220, 208.319992
./noTranspose, 32, 2, 0.179052, 0.366, 208.319992
./noTranspose, 32, 2, 0.177860, 0.368, 208.319992
./noTranspose, 32, 2, 0.179052, 0.366, 208.319992
./noTranspose, 32, 2, 0.180006, 0.364, 208.319992
./noTranspose, 32, 2, 0.179052, 0.366, 208.319992
./noTranspose, 32, 4, 0.149965, 0.437, 208.319992
./noTranspose, 32, 4, 0.150919, 0.434, 208.319992
./noTranspose, 32, 4, 0.150919, 0.434, 208.319992
./noTranspose, 32, 4, 0.151157, 0.434, 208.319992
./noTranspose, 32, 4, 0.150204, 0.436, 208.319992
./noTranspose, 32, 8, 0.141859, 0.462, 208.319992
./noTranspose, 32, 8, 0.141859, 0.462, 208.319992
./noTranspose, 32, 8, 0.142097, 0.461, 208.319992
./noTranspose, 32, 8, 0.142813, 0.459, 208.319992
./noTranspose, 32, 8, 0.143051, 0.458, 208.319992
./noTranspose, 32, 16, 0.138044, 0.475, 208.319992
./noTranspose, 32, 16, 0.137091, 0.478, 208.319992
./noTranspose, 32, 16, 0.137091, 0.478, 208.319992
./noTranspose, 32, 16, 0.138044, 0.475, 208.319992
./noTranspose, 32, 16, 0.138998, 0.471, 208.319992
./noTranspose, 32, 32, 0.142813, 0.459, 208.319992
./noTranspose, 32, 32, 0.143051, 0.458, 208.319992
./noTranspose, 32, 32, 0.143051, 0.458, 208.319992
./noTranspose, 32, 32, 0.152826, 0.429, 208.319992
./noTranspose, 32, 32, 0.143051, 0.458, 208.319992
./noTranspose, 32, 64, 0.149012, 0.440, 208.319992
./noTranspose, 32, 64, 0.143051, 0.458, 208.319992
./noTranspose, 32, 64, 0.143051, 0.458, 208.319992
./noTranspose, 32, 64, 0.142813, 0.459, 208.319992
./noTranspose, 32, 64, 0.143051, 0.458, 208.319992
./noTranspose, 32, 128, 0.144005, 0.455, 208.319992
./noTranspose, 32, 128, 0.143051, 0.458, 208.319992
./noTranspose, 32, 128, 0.149012, 0.440, 208.319992
./noTranspose, 32, 128, 0.143051, 0.458, 208.319992
./noTranspose, 32, 128, 0.143051, 0.458, 208.319992
./noTranspose, 32, 256, 0.143051, 0.458, 208.319992
./noTranspose, 32, 256, 0.143051, 0.458, 208.319992
./noTranspose, 32, 256, 0.143051, 0.458, 208.319992
./noTranspose, 32, 256, 0.143051, 0.458, 208.319992
./noTranspose, 32, 256, 0.143051, 0.458, 208.319992
./noTranspose, 32, 512, 0.143051, 0.458, 208.319992
./noTranspose, 32, 512, 0.142813, 0.459, 208.319992
./noTranspose, 32, 512, 0.142097, 0.461, 208.319992
./noTranspose, 32, 512, 0.143051, 0.458, 208.319992
./noTranspose, 32, 512, 0.142813, 0.459, 208.319992
./noTranspose, 32, 1024, 0.143051, 0.458, 208.319992
./noTranspose, 32, 1024, 0.143051, 0.458, 208.319992
./noTranspose, 32, 1024, 0.152826, 0.429, 208.319992
./noTranspose, 32, 1024, 0.144958, 0.452, 208.319992
./noTranspose, 32, 1024, 0.143051, 0.458, 208.319992
./noTranspose, 32, 2048, 0.149965, 0.437, 208.319992
./noTranspose, 32, 2048, 0.144005, 0.455, 208.319992
./noTranspose, 32, 2048, 0.149012, 0.440, 208.319992
./noTranspose, 32, 2048, 0.143051, 0.458, 208.319992
./noTranspose, 32, 2048, 0.144005, 0.455, 208.319992
./noTranspose, 32, 4096, 0.143051, 0.458, 208.319992
./noTranspose, 32, 4096, 0.142813, 0.459, 208.319992
./noTranspose, 32, 4096, 0.142813, 0.459, 208.319992
./noTranspose, 32, 4096, 0.151873, 0.432, 208.319992
./noTranspose, 32, 4096, 0.143051, 0.458, 208.319992
./noTranspose, 32, 8192, 0.142813, 0.459, 208.319992
./noTranspose, 32, 8192, 0.143051, 0.458, 208.319992
./noTranspose, 32, 8192, 0.144005, 0.455, 208.319992
./noTranspose, 32, 8192, 0.143051, 0.458, 208.319992
./noTranspose, 32, 8192, 0.143051, 0.458, 208.319992
./noTranspose, 32, 16384, 0.142813, 0.459, 208.319992
./noTranspose, 32, 16384, 0.143051, 0.458, 208.319992
./noTranspose, 32, 16384, 0.144005, 0.455, 208.319992
./noTranspose, 32, 16384, 0.142813, 0.459, 208.319992
./noTranspose, 32, 16384, 0.143051, 0.458, 208.319992
./noTranspose, 32, 32768, 0.141859, 0.462, 208.319992
./noTranspose, 32, 32768, 0.144005, 0.455, 208.319992
./noTranspose, 32, 32768, 0.149965, 0.437, 208.319992
./noTranspose, 32, 32768, 0.143051, 0.458, 208.319992
./noTranspose, 32, 32768, 0.143051, 0.458, 208.319992
./noTranspose, 64, 1, 2.366781, 0.222, 1706.880127
./noTranspose, 64, 1, 2.365828, 0.222, 1706.880127
./noTranspose, 64, 1, 2.375126, 0.221, 1706.880127
./noTranspose, 64, 1, 2.336025, 0.224, 1706.880127
./noTranspose, 64, 1, 2.332926, 0.225, 1706.880127
./noTranspose, 64, 2, 1.414061, 0.371, 1706.880127
./noTranspose, 64, 2, 1.413107, 0.371, 1706.880127
./noTranspose, 64, 2, 1.415968, 0.370, 1706.880127
./noTranspose, 64, 2, 1.410961, 0.372, 1706.880127
./noTranspose, 64, 2, 1.415014, 0.371, 1706.880127
./noTranspose, 64, 4, 1.250982, 0.419, 1706.880127
./noTranspose, 64, 4, 1.192093, 0.440, 1706.880127
./noTranspose, 64, 4, 1.191854, 0.440, 1706.880127
./noTranspose, 64, 4, 1.199007, 0.437, 1706.880127
./noTranspose, 64, 4, 1.204967, 0.435, 1706.880127
./noTranspose, 64, 8, 1.149178, 0.456, 1706.880127
./noTranspose, 64, 8, 1.137018, 0.461, 1706.880127
./noTranspose, 64, 8, 1.129150, 0.464, 1706.880127
./noTranspose, 64, 8, 1.139879, 0.460, 1706.880127
./noTranspose, 64, 8, 1.122952, 0.467, 1706.880127
./noTranspose, 64, 16, 1.108170, 0.473, 1706.880127
./noTranspose, 64, 16, 1.101971, 0.476, 1706.880127
./noTranspose, 64, 16, 1.119852, 0.468, 1706.880127
./noTranspose, 64, 16, 1.099110, 0.477, 1706.880127
./noTranspose, 64, 16, 1.110077, 0.472, 1706.880127
./noTranspose, 64, 32, 1.180887, 0.444, 1706.880127
./noTranspose, 64, 32, 1.136065, 0.461, 1706.880127
./noTranspose, 64, 32, 1.140833, 0.460, 1706.880127
./noTranspose, 64, 32, 1.500845, 0.349, 1706.880127
./noTranspose, 64, 32, 1.151085, 0.455, 1706.880127
./noTranspose, 64, 64, 1.137018, 0.461, 1706.880127
./noTranspose, 64, 64, 1.125813, 0.466, 1706.880127
./noTranspose, 64, 64, 1.100063, 0.477, 1706.880127
./noTranspose, 64, 64, 1.104116, 0.475, 1706.880127
./noTranspose, 64, 64, 1.111984, 0.471, 1706.880127
./noTranspose, 64, 128, 1.106977, 0.474, 1706.880127
./noTranspose, 64, 128, 1.103163, 0.475, 1706.880127
./noTranspose, 64, 128, 1.113176, 0.471, 1706.880127
./noTranspose, 64, 128, 1.115799, 0.470, 1706.880127
./noTranspose, 64, 128, 1.112938, 0.471, 1706.880127
./noTranspose, 64, 256, 1.111984, 0.471, 1706.880127
./noTranspose, 64, 256, 1.117945, 0.469, 1706.880127
./noTranspose, 64, 256, 1.118183, 0.469, 1706.880127
./noTranspose, 64, 256, 1.103878, 0.475, 1706.880127
./noTranspose, 64, 256, 1.108885, 0.473, 1706.880127
./noTranspose, 64, 512, 1.108885, 0.473, 1706.880127
./noTranspose, 64, 512, 1.128197, 0.465, 1706.880127
./noTranspose, 64, 512, 1.105070, 0.474, 1706.880127
./noTranspose, 64, 512, 1.105070, 0.474, 1706.880127
./noTranspose, 64, 512, 1.105070, 0.474, 1706.880127
./noTranspose, 64, 1024, 1.102924, 0.475, 1706.880127
./noTranspose, 64, 1024, 1.105070, 0.474, 1706.880127
./noTranspose, 64, 1024, 1.110077, 0.472, 1706.880127
./noTranspose, 64, 1024, 1.109123, 0.473, 1706.880127
./noTranspose, 64, 1024, 1.103878, 0.475, 1706.880127
./noTranspose, 64, 2048, 1.111984, 0.471, 1706.880127
./noTranspose, 64, 2048, 1.113892, 0.471, 1706.880127
./noTranspose, 64, 2048, 1.106977, 0.474, 1706.880127
./noTranspose, 64, 2048, 1.103878, 0.475, 1706.880127
./noTranspose, 64, 2048, 1.106024, 0.474, 1706.880127
./noTranspose, 64, 4096, 1.105070, 0.474, 1706.880127
./noTranspose, 64, 4096, 1.106024, 0.474, 1706.880127
./noTranspose, 64, 4096, 1.103878, 0.475, 1706.880127
./noTranspose, 64, 4096, 1.098871, 0.477, 1706.880127
./noTranspose, 64, 4096, 1.103163, 0.475, 1706.880127
./noTranspose, 64, 8192, 1.112938, 0.471, 1706.880127
./noTranspose, 64, 8192, 1.103878, 0.475, 1706.880127
./noTranspose, 64, 8192, 1.101017, 0.476, 1706.880127
./noTranspose, 64, 8192, 1.100063, 0.477, 1706.880127
./noTranspose, 64, 8192, 1.107216, 0.474, 1706.880127
./noTranspose, 64, 16384, 1.113176, 0.471, 1706.880127
./noTranspose, 64, 16384, 1.116037, 0.470, 1706.880127
./noTranspose, 64, 16384, 1.106024, 0.474, 1706.880127
./noTranspose, 64, 16384, 1.104832, 0.475, 1706.880127
./noTranspose, 64, 16384, 1.106024, 0.474, 1706.880127
./noTranspose, 64, 32768, 1.111984, 0.471, 1706.880127
./noTranspose, 64, 32768, 1.110792, 0.472, 1706.880127
./noTranspose, 64, 32768, 1.153946, 0.454, 1706.880127
./noTranspose, 64, 32768, 1.106024, 0.474, 1706.880127
./noTranspose, 64, 32768, 1.108885, 0.473, 1706.880127
./noTranspose, 128, 1, 19.066095, 0.220, 13817.601562
./noTranspose, 128, 1, 19.041061, 0.220, 13817.601562
./noTranspose, 128, 1, 19.021988, 0.220, 13817.601562
./noTranspose, 128, 1, 19.042969, 0.220, 13817.601562
./noTranspose, 128, 1, 19.088030, 0.220, 13817.601562
./noTranspose, 128, 2, 11.459112, 0.366, 13817.601562
./noTranspose, 128, 2, 11.496067, 0.365, 13817.601562
./noTranspose, 128, 2, 11.461020, 0.366, 13817.601562
./noTranspose, 128, 2, 11.472940, 0.366, 13817.601562
./noTranspose, 128, 2, 11.471987, 0.366, 13817.601562
./noTranspose, 128, 4, 9.604931, 0.437, 13817.601562
./noTranspose, 128, 4, 9.648085, 0.435, 13817.601562
./noTranspose, 128, 4, 9.594202, 0.437, 13817.601562
./noTranspose, 128, 4, 9.610891, 0.436, 13817.601562
./noTranspose, 128, 4, 9.602070, 0.437, 13817.601562
./noTranspose, 128, 8, 9.118080, 0.460, 13817.601562
./noTranspose, 128, 8, 9.041071, 0.464, 13817.601562
./noTranspose, 128, 8, 9.071112, 0.462, 13817.601562
./noTranspose, 128, 8, 9.052992, 0.463, 13817.601562
./noTranspose, 128, 8, 9.033918, 0.464, 13817.601562
./noTranspose, 128, 16, 8.824825, 0.475, 13817.601562
./noTranspose, 128, 16, 8.801937, 0.477, 13817.601562
./noTranspose, 128, 16, 8.837938, 0.475, 13817.601562
./noTranspose, 128, 16, 8.823156, 0.475, 13817.601562
./noTranspose, 128, 16, 8.848906, 0.474, 13817.601562
./noTranspose, 128, 32, 9.144068, 0.459, 13817.601562
./noTranspose, 128, 32, 9.107828, 0.461, 13817.601562
./noTranspose, 128, 32, 9.120226, 0.460, 13817.601562
./noTranspose, 128, 32, 9.138823, 0.459, 13817.601562
./noTranspose, 128, 32, 9.124041, 0.460, 13817.601562
./noTranspose, 128, 64, 9.163141, 0.458, 13817.601562
./noTranspose, 128, 64, 9.237051, 0.454, 13817.601562
./noTranspose, 128, 64, 9.201050, 0.456, 13817.601562
./noTranspose, 128, 64, 9.238958, 0.454, 13817.601562
./noTranspose, 128, 64, 9.335995, 0.449, 13817.601562
./noTranspose, 128, 128, 9.717941, 0.432, 13817.601562
./noTranspose, 128, 128, 9.684086, 0.433, 13817.601562
./noTranspose, 128, 128, 9.629011, 0.436, 13817.601562
./noTranspose, 128, 128, 9.681940, 0.433, 13817.601562
./noTranspose, 128, 128, 9.589911, 0.437, 13817.601562
./noTranspose, 128, 256, 9.725094, 0.431, 13817.601562
./noTranspose, 128, 256, 9.739876, 0.431, 13817.601562
./noTranspose, 128, 256, 9.582996, 0.438, 13817.601562
./noTranspose, 128, 256, 9.639025, 0.435, 13817.601562
./noTranspose, 128, 256, 9.675026, 0.434, 13817.601562
./noTranspose, 128, 512, 9.721994, 0.431, 13817.601562
./noTranspose, 128, 512, 9.646177, 0.435, 13817.601562
./noTranspose, 128, 512, 9.522200, 0.440, 13817.601562
./noTranspose, 128, 512, 9.600878, 0.437, 13817.601562
./noTranspose, 128, 512, 9.743929, 0.430, 13817.601562
./noTranspose, 128, 1024, 9.613991, 0.436, 13817.601562
./noTranspose, 128, 1024, 9.609938, 0.436, 13817.601562
./noTranspose, 128, 1024, 9.680033, 0.433, 13817.601562
./noTranspose, 128, 1024, 9.617090, 0.436, 13817.601562
./noTranspose, 128, 1024, 9.629965, 0.436, 13817.601562
./noTranspose, 128, 2048, 9.624004, 0.436, 13817.601562
./noTranspose, 128, 2048, 9.721041, 0.431, 13817.601562
./noTranspose, 128, 2048, 9.609938, 0.436, 13817.601562
./noTranspose, 128, 2048, 9.628057, 0.436, 13817.601562
./noTranspose, 128, 2048, 9.703875, 0.432, 13817.601562
./noTranspose, 128, 4096, 9.749889, 0.430, 13817.601562
./noTranspose, 128, 4096, 9.705782, 0.432, 13817.601562
./noTranspose, 128, 4096, 9.748936, 0.430, 13817.601562
./noTranspose, 128, 4096, 9.660006, 0.434, 13817.601562
./noTranspose, 128, 4096, 9.658813, 0.434, 13817.601562
./noTranspose, 128, 8192, 9.629965, 0.436, 13817.601562
./noTranspose, 128, 8192, 9.728909, 0.431, 13817.601562
./noTranspose, 128, 8192, 9.675980, 0.433, 13817.601562
./noTranspose, 128, 8192, 9.634018, 0.435, 13817.601562
./noTranspose, 128, 8192, 9.680986, 0.433, 13817.601562
./noTranspose, 128, 16384, 9.716988, 0.432, 13817.601562
./noTranspose, 128, 16384, 9.657145, 0.434, 13817.601562
./noTranspose, 128, 16384, 9.619951, 0.436, 13817.601562
./noTranspose, 128, 16384, 9.635925, 0.435, 13817.601562
./noTranspose, 128, 16384, 9.669781, 0.434, 13817.601562
./noTranspose, 128, 32768, 9.506226, 0.441, 13817.601562
./noTranspose, 128, 32768, 9.459019, 0.443, 13817.601562
./noTranspose, 128, 32768, 9.691954, 0.433, 13817.601562
./noTranspose, 128, 32768, 9.617090, 0.436, 13817.601562
./noTranspose, 128, 32768, 9.782076, 0.429, 13817.601562
./noTranspose, 256, 1, 195.363998, 0.172, 111193.601562
./noTranspose, 256, 1, 193.165064, 0.174, 111193.601562
./noTranspose, 256, 1, 201.494932, 0.167, 111193.601562
./noTranspose, 256, 1, 197.084904, 0.170, 111193.601562
./noTranspose, 256, 1, 197.541952, 0.170, 111193.601562
./noTranspose, 256, 2, 111.903906, 0.300, 111193.601562
./noTranspose, 256, 2, 112.340927, 0.299, 111193.601562
./noTranspose, 256, 2, 110.430956, 0.304, 111193.601562
./noTranspose, 256, 2, 110.060930, 0.305, 111193.601562
./noTranspose, 256, 2, 110.684872, 0.303, 111193.601562
./noTranspose, 256, 4, 84.990025, 0.395, 111193.601562
./noTranspose, 256, 4, 86.821079, 0.386, 111193.601562
./noTranspose, 256, 4, 85.513115, 0.392, 111193.601562
./noTranspose, 256, 4, 85.582972, 0.392, 111193.601562
./noTranspose, 256, 4, 86.027145, 0.390, 111193.601562
./noTranspose, 256, 8, 79.249144, 0.423, 111193.601562
./noTranspose, 256, 8, 78.973055, 0.425, 111193.601562
./noTranspose, 256, 8, 79.179049, 0.424, 111193.601562
./noTranspose, 256, 8, 78.814030, 0.426, 111193.601562
./noTranspose, 256, 8, 78.987122, 0.425, 111193.601562
./noTranspose, 256, 16, 76.053143, 0.441, 111193.601562
./noTranspose, 256, 16, 76.378107, 0.439, 111193.601562
./noTranspose, 256, 16, 76.128006, 0.441, 111193.601562
./noTranspose, 256, 16, 76.589823, 0.438, 111193.601562
./noTranspose, 256, 16, 76.241016, 0.440, 111193.601562
./noTranspose, 256, 32, 82.314014, 0.408, 111193.601562
./noTranspose, 256, 32, 82.497835, 0.407, 111193.601562
./noTranspose, 256, 32, 81.462145, 0.412, 111193.601562
./noTranspose, 256, 32, 82.139969, 0.409, 111193.601562
./noTranspose, 256, 32, 83.261967, 0.403, 111193.601562
./noTranspose, 256, 64, 84.623814, 0.397, 111193.601562
./noTranspose, 256, 64, 84.704876, 0.396, 111193.601562
./noTranspose, 256, 64, 85.353851, 0.393, 111193.601562
./noTranspose, 256, 64, 84.600925, 0.397, 111193.601562
./noTranspose, 256, 64, 85.444927, 0.393, 111193.601562
./noTranspose, 256, 128, 82.121134, 0.409, 111193.601562
./noTranspose, 256, 128, 82.414865, 0.407, 111193.601562
./noTranspose, 256, 128, 82.098007, 0.409, 111193.601562
./noTranspose, 256, 128, 103.145123, 0.325, 111193.601562
./noTranspose, 256, 128, 82.100868, 0.409, 111193.601562
./noTranspose, 256, 256, 114.958048, 0.292, 111193.601562
./noTranspose, 256, 256, 119.964123, 0.280, 111193.601562
./noTranspose, 256, 256, 109.100819, 0.308, 111193.601562
./noTranspose, 256, 256, 112.447023, 0.298, 111193.601562
./noTranspose, 256, 256, 114.168882, 0.294, 111193.601562
./noTranspose, 256, 512, 113.076925, 0.297, 111193.601562
./noTranspose, 256, 512, 118.175983, 0.284, 111193.601562
./noTranspose, 256, 512, 112.345934, 0.299, 111193.601562
./noTranspose, 256, 512, 113.153219, 0.297, 111193.601562
./noTranspose, 256, 512, 104.645967, 0.321, 111193.601562
./noTranspose, 256, 1024, 114.778042, 0.292, 111193.601562
./noTranspose, 256, 1024, 104.942799, 0.320, 111193.601562
./noTranspose, 256, 1024, 112.149954, 0.299, 111193.601562
./noTranspose, 256, 1024, 112.493038, 0.298, 111193.601562
./noTranspose, 256, 1024, 106.004000, 0.317, 111193.601562
./noTranspose, 256, 2048, 122.632980, 0.274, 111193.601562
./noTranspose, 256, 2048, 119.767904, 0.280, 111193.601562
./noTranspose, 256, 2048, 115.507841, 0.290, 111193.601562
./noTranspose, 256, 2048, 106.197834, 0.316, 111193.601562
./noTranspose, 256, 2048, 108.399868, 0.310, 111193.601562
./noTranspose, 256, 4096, 107.268095, 0.313, 111193.601562
./noTranspose, 256, 4096, 111.588001, 0.301, 111193.601562
./noTranspose, 256, 4096, 107.677937, 0.312, 111193.601562
./noTranspose, 256, 4096, 116.420984, 0.288, 111193.601562
./noTranspose, 256, 4096, 109.526873, 0.306, 111193.601562
./noTranspose, 256, 8192, 108.899832, 0.308, 111193.601562
./noTranspose, 256, 8192, 110.826969, 0.303, 111193.601562
./noTranspose, 256, 8192, 106.216908, 0.316, 111193.601562
./noTranspose, 256, 8192, 106.284857, 0.316, 111193.601562
./noTranspose, 256, 8192, 103.031158, 0.326, 111193.601562
./noTranspose, 256, 16384, 104.377985, 0.321, 111193.601562
./noTranspose, 256, 16384, 109.755039, 0.306, 111193.601562
./noTranspose, 256, 16384, 108.587027, 0.309, 111193.601562
./noTranspose, 256, 16384, 111.474037, 0.301, 111193.601562
./noTranspose, 256, 16384, 105.685949, 0.317, 111193.601562
./noTranspose, 256, 32768, 106.690168, 0.315, 111193.601562
./noTranspose, 256, 32768, 114.307880, 0.294, 111193.601562
./noTranspose, 256, 32768, 105.810881, 0.317, 111193.601562
./noTranspose, 256, 32768, 119.983196, 0.280, 111193.601562
./noTranspose, 256, 32768, 106.883049, 0.314, 111193.601562
./noTranspose, 512, 1, 2100.374937, 0.128, 892165.187500
./noTranspose, 512, 1, 2100.219011, 0.128, 892165.187500
./noTranspose, 512, 1, 2115.815163, 0.127, 892165.187500
./noTranspose, 512, 1, 2066.251040, 0.130, 892165.187500
./noTranspose, 512, 1, 2142.080069, 0.125, 892165.187500
./noTranspose, 512, 2, 980.669022, 0.274, 892165.187500
./noTranspose, 512, 2, 1047.564983, 0.256, 892165.187500
./noTranspose, 512, 2, 1006.557941, 0.267, 892165.187500
./noTranspose, 512, 2, 989.284039, 0.271, 892165.187500
./noTranspose, 512, 2, 995.059967, 0.270, 892165.187500
./noTranspose, 512, 4, 732.012033, 0.367, 892165.187500
./noTranspose, 512, 4, 732.378960, 0.367, 892165.187500
./noTranspose, 512, 4, 722.994804, 0.371, 892165.187500
./noTranspose, 512, 4, 743.551970, 0.361, 892165.187500
./noTranspose, 512, 4, 725.451946, 0.370, 892165.187500
./noTranspose, 512, 8, 650.058031, 0.413, 892165.187500
./noTranspose, 512, 8, 649.185896, 0.413, 892165.187500
./noTranspose, 512, 8, 653.061152, 0.411, 892165.187500
./noTranspose, 512, 8, 660.036087, 0.407, 892165.187500
./noTranspose, 512, 8, 657.869101, 0.408, 892165.187500
./noTranspose, 512, 16, 671.772957, 0.400, 892165.187500
./noTranspose, 512, 16, 677.817106, 0.396, 892165.187500
./noTranspose, 512, 16, 673.240900, 0.399, 892165.187500
./noTranspose, 512, 16, 695.183992, 0.386, 892165.187500
./noTranspose, 512, 16, 678.477049, 0.396, 892165.187500
./noTranspose, 512, 32, 707.964897, 0.379, 892165.187500
./noTranspose, 512, 32, 729.310036, 0.368, 892165.187500
./noTranspose, 512, 32, 724.420071, 0.371, 892165.187500
./noTranspose, 512, 32, 738.896847, 0.363, 892165.187500
./noTranspose, 512, 32, 722.430944, 0.372, 892165.187500
./noTranspose, 512, 64, 759.289026, 0.354, 892165.187500
./noTranspose, 512, 64, 706.072092, 0.380, 892165.187500
./noTranspose, 512, 64, 716.794014, 0.374, 892165.187500
./noTranspose, 512, 64, 706.367970, 0.380, 892165.187500
./noTranspose, 512, 64, 720.052958, 0.373, 892165.187500
./noTranspose, 512, 128, 943.787098, 0.284, 892165.187500
./noTranspose, 512, 128, 979.918957, 0.274, 892165.187500
./noTranspose, 512, 128, 930.895805, 0.288, 892165.187500
./noTranspose, 512, 128, 967.278004, 0.278, 892165.187500
./noTranspose, 512, 128, 892.960072, 0.301, 892165.187500
./noTranspose, 512, 256, 1103.458881, 0.243, 892165.187500
./noTranspose, 512, 256, 1079.956055, 0.249, 892165.187500
./noTranspose, 512, 256, 1119.847059, 0.240, 892165.187500
./noTranspose, 512, 256, 1083.019972, 0.248, 892165.187500
./noTranspose, 512, 256, 1084.055185, 0.248, 892165.187500
./noTranspose, 512, 512, 1082.983971, 0.248, 892165.187500
./noTranspose, 512, 512, 1109.507084, 0.242, 892165.187500
./noTranspose, 512, 512, 1112.430811, 0.241, 892165.187500
./noTranspose, 512, 512, 1088.095903, 0.247, 892165.187500
./noTranspose, 512, 512, 1087.352991, 0.247, 892165.187500
./noTranspose, 512, 1024, 1099.112988, 0.244, 892165.187500
./noTranspose, 512, 1024, 1094.084024, 0.245, 892165.187500
./noTranspose, 512, 1024, 1089.287996, 0.246, 892165.187500
./noTranspose, 512, 1024, 1146.662951, 0.234, 892165.187500
./noTranspose, 512, 1024, 1081.942081, 0.248, 892165.187500
./noTranspose, 512, 2048, 1086.815119, 0.247, 892165.187500
./noTranspose, 512, 2048, 1111.252069, 0.242, 892165.187500
./noTranspose, 512, 2048, 1102.236032, 0.244, 892165.187500
./noTranspose, 512, 2048, 1118.713856, 0.240, 892165.187500
./noTranspose, 512, 2048, 1114.608765, 0.241, 892165.187500
./noTranspose, 512, 4096, 1081.280947, 0.248, 892165.187500
./noTranspose, 512, 4096, 1111.318111, 0.242, 892165.187500
./noTranspose, 512, 4096, 1117.082119, 0.240, 892165.187500
./noTranspose, 512, 4096, 1136.609077, 0.236, 892165.187500
./noTranspose, 512, 4096, 1154.294014, 0.233, 892165.187500
./noTranspose, 512, 8192, 1125.360012, 0.239, 892165.187500
./noTranspose, 512, 8192, 1091.967821, 0.246, 892165.187500
./noTranspose, 512, 8192, 1093.558073, 0.245, 892165.187500
./noTranspose, 512, 8192, 1119.557142, 0.240, 892165.187500
./noTranspose, 512, 8192, 1160.736084, 0.231, 892165.187500
./noTranspose, 512, 16384, 1169.101000, 0.230, 892165.187500
./noTranspose, 512, 16384, 1101.167202, 0.244, 892165.187500
./noTranspose, 512, 16384, 1128.577948, 0.238, 892165.187500
./noTranspose, 512, 16384, 1095.328093, 0.245, 892165.187500
./noTranspose, 512, 16384, 1078.338861, 0.249, 892165.187500
./noTranspose, 512, 32768, 1099.828005, 0.244, 892165.187500
./noTranspose, 512, 32768, 1058.414936, 0.254, 892165.187500
./noTranspose, 512, 32768, 1051.728010, 0.255, 892165.187500
./noTranspose, 512, 32768, 1058.133841, 0.254, 892165.187500
./noTranspose, 512, 32768, 1093.002081, 0.246, 892165.187500
./noTranspose, 1024, 1, 19259.484053, 0.112, 7147797.000000
./noTranspose, 1024, 1, 18284.809828, 0.117, 7147797.000000
./noTranspose, 1024, 1, 18865.690947, 0.114, 7147797.000000
./noTranspose, 1024, 1, 17774.305105, 0.121, 7147797.000000
./noTranspose, 1024, 1, 17775.161982, 0.121, 7147797.000000
./noTranspose, 1024, 2, 8846.947908, 0.243, 7147797.000000
./noTranspose, 1024, 2, 9249.965906, 0.232, 7147797.000000
./noTranspose, 1024, 2, 9027.374029, 0.238, 7147797.000000
./noTranspose, 1024, 2, 9341.156960, 0.230, 7147797.000000
./noTranspose, 1024, 2, 9180.936098, 0.234, 7147797.000000
./noTranspose, 1024, 4, 7452.997923, 0.288, 7147797.000000
./noTranspose, 1024, 4, 7441.939831, 0.289, 7147797.000000
./noTranspose, 1024, 4, 7252.847910, 0.296, 7147797.000000
./noTranspose, 1024, 4, 7321.928978, 0.293, 7147797.000000
./noTranspose, 1024, 4, 7148.540020, 0.300, 7147797.000000
./noTranspose, 1024, 8, 6357.017994, 0.338, 7147797.000000
./noTranspose, 1024, 8, 6297.604084, 0.341, 7147797.000000
./noTranspose, 1024, 8, 6326.786995, 0.339, 7147797.000000
./noTranspose, 1024, 8, 6338.821888, 0.339, 7147797.000000
./noTranspose, 1024, 8, 6442.128181, 0.333, 7147797.000000
./noTranspose, 1024, 16, 6366.292000, 0.337, 7147797.000000
./noTranspose, 1024, 16, 6397.242069, 0.336, 7147797.000000
./noTranspose, 1024, 16, 6426.269054, 0.334, 7147797.000000
./noTranspose, 1024, 16, 6413.824081, 0.335, 7147797.000000
./noTranspose, 1024, 16, 6382.331848, 0.336, 7147797.000000
./noTranspose, 1024, 32, 6418.040037, 0.335, 7147797.000000
./noTranspose, 1024, 32, 6471.544981, 0.332, 7147797.000000
./noTranspose, 1024, 32, 6385.796070, 0.336, 7147797.000000
./noTranspose, 1024, 32, 6467.175007, 0.332, 7147797.000000
./noTranspose, 1024, 32, 6315.348148, 0.340, 7147797.000000
./noTranspose, 1024, 64, 7501.703024, 0.286, 7147797.000000
./noTranspose, 1024, 64, 7454.930067, 0.288, 7147797.000000
./noTranspose, 1024, 64, 7775.748968, 0.276, 7147797.000000
./noTranspose, 1024, 64, 7698.526859, 0.279, 7147797.000000
./noTranspose, 1024, 64, 7465.325117, 0.288, 7147797.000000
./noTranspose, 1024, 128, 9402.418137, 0.228, 7147797.000000
./noTranspose, 1024, 128, 9549.324989, 0.225, 7147797.000000
./noTranspose, 1024, 128, 9710.268021, 0.221, 7147797.000000
./noTranspose, 1024, 128, 9512.507915, 0.226, 7147797.000000
./noTranspose, 1024, 128, 9624.673128, 0.223, 7147797.000000
./noTranspose, 1024, 256, 9527.689934, 0.225, 7147797.000000
./noTranspose, 1024, 256, 9196.185827, 0.234, 7147797.000000
./noTranspose, 1024, 256, 9548.596859, 0.225, 7147797.000000
./noTranspose, 1024, 256, 9590.382814, 0.224, 7147797.000000
./noTranspose, 1024, 256, 9586.996078, 0.224, 7147797.000000
./noTranspose, 1024, 512, 9363.438129, 0.229, 7147797.000000
./noTranspose, 1024, 512, 9557.600975, 0.225, 7147797.000000
./noTranspose, 1024, 512, 9557.200193, 0.225, 7147797.000000
./noTranspose, 1024, 512, 9261.770964, 0.232, 7147797.000000
./noTranspose, 1024, 512, 9375.957966, 0.229, 7147797.000000
./noTranspose, 1024, 1024, 10240.846872, 0.210, 7147797.000000
./noTranspose, 1024, 1024, 10165.348053, 0.211, 7147797.000000
./noTranspose, 1024, 1024, 10490.097046, 0.205, 7147797.000000
./noTranspose, 1024, 1024, 10733.273029, 0.200, 7147797.000000
./noTranspose, 1024, 1024, 10466.367006, 0.205, 7147797.000000
./noTranspose, 1024, 2048, 10371.984959, 0.207, 7147797.000000
./noTranspose, 1024, 2048, 10199.128151, 0.211, 7147797.000000
./noTranspose, 1024, 2048, 10686.728001, 0.201, 7147797.000000
./noTranspose, 1024, 2048, 10869.658947, 0.198, 7147797.000000
./noTranspose, 1024, 2048, 10635.936975, 0.202, 7147797.000000
./noTranspose, 1024, 4096, 10416.311026, 0.206, 7147797.000000
./noTranspose, 1024, 4096, 9730.736971, 0.221, 7147797.000000
./noTranspose, 1024, 4096, 10562.857866, 0.203, 7147797.000000
./noTranspose, 1024, 4096, 10392.149925, 0.207, 7147797.000000
./noTranspose, 1024, 4096, 10611.918926, 0.202, 7147797.000000
./noTranspose, 1024, 8192, 10354.109049, 0.207, 7147797.000000
./noTranspose, 1024, 8192, 10836.039066, 0.198, 7147797.000000
./noTranspose, 1024, 8192, 10278.476000, 0.209, 7147797.000000
./noTranspose, 1024, 8192, 9856.011868, 0.218, 7147797.000000
./noTranspose, 1024, 8192, 10877.368927, 0.197, 7147797.000000
./noTranspose, 1024, 16384, 10569.483995, 0.203, 7147797.000000
./noTranspose, 1024, 16384, 10172.055006, 0.211, 7147797.000000
./noTranspose, 1024, 16384, 10394.773960, 0.207, 7147797.000000
./noTranspose, 1024, 16384, 10069.441795, 0.213, 7147797.000000
./noTranspose, 1024, 16384, 9966.688871, 0.215, 7147797.000000
./noTranspose, 1024, 32768, 10428.984880, 0.206, 7147797.000000
./noTranspose, 1024, 32768, 9479.480028, 0.227, 7147797.000000
./noTranspose, 1024, 32768, 9539.103985, 0.225, 7147797.000000
./noTranspose, 1024, 32768, 10594.470024, 0.203, 7147797.000000
./noTranspose, 1024, 32768, 10367.641926, 0.207, 7147797.000000
./vectorized, 4, 1, 0.005960, 0.021, 0.280000
./vectorized, 4, 1, 0.005007, 0.026, 0.280000
./vectorized, 4, 1, 0.005960, 0.021, 0.280000
./vectorized, 4, 1, 0.005960, 0.021, 0.280000
./vectorized, 4, 1, 0.005960, 0.021, 0.280000
./vectorized, 4, 2, 0.002146, 0.060, 0.280000
./vectorized, 4, 2, 0.001907, 0.067, 0.280000
./vectorized, 4, 2, 0.012159, 0.011, 0.280000
./vectorized, 4, 2, 0.003099, 0.041, 0.280000
./vectorized, 4, 2, 0.002146, 0.060, 0.280000
./vectorized, 4, 4, 0.002146, 0.060, 0.280000
./vectorized, 4, 4, 0.001192, 0.107, 0.280000
./vectorized, 4, 4, 0.000954, 0.134, 0.280000
./vectorized, 4, 4, 0.001907, 0.067, 0.280000
./vectorized, 4, 4, 0.000954, 0.134, 0.280000
./vectorized, 4, 8, 0.000954, 0.134, 0.280000
./vectorized, 4, 8, 0.001192, 0.107, 0.280000
./vectorized, 4, 8, 0.001907, 0.067, 0.280000
./vectorized, 4, 8, 0.000954, 0.134, 0.280000
./vectorized, 4, 8, 0.000954, 0.134, 0.280000
./vectorized, 4, 16, 0.000954, 0.134, 0.280000
./vectorized, 4, 16, 0.001192, 0.107, 0.280000
./vectorized, 4, 16, 0.000954, 0.134, 0.280000
./vectorized, 4, 16, 0.000954, 0.134, 0.280000
./vectorized, 4, 16, 0.000954, 0.134, 0.280000
./vectorized, 4, 32, 0.000954, 0.134, 0.280000
./vectorized, 4, 32, 0.002146, 0.060, 0.280000
./vectorized, 4, 32, 0.000954, 0.134, 0.280000
./vectorized, 4, 32, 0.000954, 0.134, 0.280000
./vectorized, 4, 32, 0.000954, 0.134, 0.280000
./vectorized, 4, 64, 0.002146, 0.060, 0.280000
./vectorized, 4, 64, 0.000954, 0.134, 0.280000
./vectorized, 4, 64, 0.000954, 0.134, 0.280000
./vectorized, 4, 64, 0.000954, 0.134, 0.280000
./vectorized, 4, 64, 0.000954, 0.134, 0.280000
./vectorized, 4, 128, 0.000954, 0.134, 0.280000
./vectorized, 4, 128, 0.001907, 0.067, 0.280000
./vectorized, 4, 128, 0.000954, 0.134, 0.280000
./vectorized, 4, 128, 0.002146, 0.060, 0.280000
./vectorized, 4, 128, 0.001192, 0.107, 0.280000
./vectorized, 4, 256, 0.000954, 0.134, 0.280000
./vectorized, 4, 256, 0.000954, 0.134, 0.280000
./vectorized, 4, 256, 0.001907, 0.067, 0.280000
./vectorized, 4, 256, 0.000954, 0.134, 0.280000
./vectorized, 4, 256, 0.000954, 0.134, 0.280000
./vectorized, 4, 512, 0.000954, 0.134, 0.280000
./vectorized, 4, 512, 0.001192, 0.107, 0.280000
./vectorized, 4, 512, 0.000954, 0.134, 0.280000
./vectorized, 4, 512, 0.000954, 0.134, 0.280000
./vectorized, 4, 512, 0.002146, 0.060, 0.280000
./vectorized, 4, 1024, 0.000954, 0.134, 0.280000
./vectorized, 4, 1024, 0.001192, 0.107, 0.280000
./vectorized, 4, 1024, 0.000954, 0.134, 0.280000
./vectorized, 4, 1024, 0.000954, 0.134, 0.280000
./vectorized, 4, 1024, 0.001192, 0.107, 0.280000
./vectorized, 4, 2048, 0.002146, 0.060, 0.280000
./vectorized, 4, 2048, 0.002146, 0.060, 0.280000
./vectorized, 4, 2048, 0.000954, 0.134, 0.280000
./vectorized, 4, 2048, 0.000954, 0.134, 0.280000
./vectorized, 4, 2048, 0.000954, 0.134, 0.280000
./vectorized, 4, 4096, 0.000954, 0.134, 0.280000
./vectorized, 4, 4096, 0.000954, 0.134, 0.280000
./vectorized, 4, 4096, 0.001192, 0.107, 0.280000
./vectorized, 4, 4096, 0.001907, 0.067, 0.280000
./vectorized, 4, 4096, 0.001192, 0.107, 0.280000
./vectorized, 4, 8192, 0.001907, 0.067, 0.280000
./vectorized, 4, 8192, 0.000954, 0.134, 0.280000
./vectorized, 4, 8192, 0.002146, 0.060, 0.280000
./vectorized, 4, 8192, 0.000954, 0.134, 0.280000
./vectorized, 4, 8192, 0.003099, 0.041, 0.280000
./vectorized, 4, 16384, 0.000954, 0.134, 0.280000
./vectorized, 4, 16384, 0.002146, 0.060, 0.280000
./vectorized, 4, 16384, 0.001907, 0.067, 0.280000
./vectorized, 4, 16384, 0.000954, 0.134, 0.280000
./vectorized, 4, 16384, 0.000954, 0.134, 0.280000
./vectorized, 4, 32768, 0.000954, 0.134, 0.280000
./vectorized, 4, 32768, 0.000954, 0.134, 0.280000
./vectorized, 4, 32768, 0.000954, 0.134, 0.280000
./vectorized, 4, 32768, 0.000954, 0.134, 0.280000
./vectorized, 4, 32768, 0.000954, 0.134, 0.280000
./vectorized, 8, 1, 0.036955, 0.028, 2.800000
./vectorized, 8, 1, 0.036955, 0.028, 2.800000
./vectorized, 8, 1, 0.036955, 0.028, 2.800000
./vectorized, 8, 1, 0.037193, 0.028, 2.800000
./vectorized, 8, 1, 0.036955, 0.028, 2.800000
./vectorized, 8, 2, 0.010967, 0.093, 2.800000
./vectorized, 8, 2, 0.010967, 0.093, 2.800000
./vectorized, 8, 2, 0.011921, 0.086, 2.800000
./vectorized, 8, 2, 0.010967, 0.093, 2.800000
./vectorized, 8, 2, 0.011921, 0.086, 2.800000
./vectorized, 8, 4, 0.004053, 0.253, 2.800000
./vectorized, 8, 4, 0.004053, 0.253, 2.800000
./vectorized, 8, 4, 0.004053, 0.253, 2.800000
./vectorized, 8, 4, 0.004053, 0.253, 2.800000
./vectorized, 8, 4, 0.004053, 0.253, 2.800000
./vectorized, 8, 8, 0.003099, 0.330, 2.800000
./vectorized, 8, 8, 0.002146, 0.477, 2.800000
./vectorized, 8, 8, 0.002146, 0.477, 2.800000
./vectorized, 8, 8, 0.001907, 0.537, 2.800000
./vectorized, 8, 8, 0.001907, 0.537, 2.800000
./vectorized, 8, 16, 0.000954, 1.074, 2.800000
./vectorized, 8, 16, 0.000954, 1.074, 2.800000
./vectorized, 8, 16, 0.002861, 0.358, 2.800000
./vectorized, 8, 16, 0.001907, 0.537, 2.800000
./vectorized, 8, 16, 0.001907, 0.537, 2.800000
./vectorized, 8, 32, 0.001907, 0.537, 2.800000
./vectorized, 8, 32, 0.001907, 0.537, 2.800000
./vectorized, 8, 32, 0.002146, 0.477, 2.800000
./vectorized, 8, 32, 0.001192, 0.859, 2.800000
./vectorized, 8, 32, 0.001907, 0.537, 2.800000
./vectorized, 8, 64, 0.001907, 0.537, 2.800000
./vectorized, 8, 64, 0.002146, 0.477, 2.800000
./vectorized, 8, 64, 0.001907, 0.537, 2.800000
./vectorized, 8, 64, 0.002146, 0.477, 2.800000
./vectorized, 8, 64, 0.002146, 0.477, 2.800000
./vectorized, 8, 128, 0.001907, 0.537, 2.800000
./vectorized, 8, 128, 0.001907, 0.537, 2.800000
./vectorized, 8, 128, 0.001907, 0.537, 2.800000
./vectorized, 8, 128, 0.001907, 0.537, 2.800000
./vectorized, 8, 128, 0.001907, 0.537, 2.800000
./vectorized, 8, 256, 0.002146, 0.477, 2.800000
./vectorized, 8, 256, 0.002146, 0.477, 2.800000
./vectorized, 8, 256, 0.002146, 0.477, 2.800000
./vectorized, 8, 256, 0.001907, 0.537, 2.800000
./vectorized, 8, 256, 0.001907, 0.537, 2.800000
./vectorized, 8, 512, 0.002146, 0.477, 2.800000
./vectorized, 8, 512, 0.001907, 0.537, 2.800000
./vectorized, 8, 512, 0.001907, 0.537, 2.800000
./vectorized, 8, 512, 0.000954, 1.074, 2.800000
./vectorized, 8, 512, 0.001907, 0.537, 2.800000
./vectorized, 8, 1024, 0.001907, 0.537, 2.800000
./vectorized, 8, 1024, 0.002146, 0.477, 2.800000
./vectorized, 8, 1024, 0.001907, 0.537, 2.800000
./vectorized, 8, 1024, 0.001907, 0.537, 2.800000
./vectorized, 8, 1024, 0.001907, 0.537, 2.800000
./vectorized, 8, 2048, 0.001907, 0.537, 2.800000
./vectorized, 8, 2048, 0.002146, 0.477, 2.800000
./vectorized, 8, 2048, 0.002146, 0.477, 2.800000
./vectorized, 8, 2048, 0.001907, 0.537, 2.800000
./vectorized, 8, 2048, 0.002146, 0.477, 2.800000
./vectorized, 8, 4096, 0.002146, 0.477, 2.800000
./vectorized, 8, 4096, 0.001907, 0.537, 2.800000
./vectorized, 8, 4096, 0.002146, 0.477, 2.800000
./vectorized, 8, 4096, 0.002146, 0.477, 2.800000
./vectorized, 8, 4096, 0.002146, 0.477, 2.800000
./vectorized, 8, 8192, 0.001907, 0.537, 2.800000
./vectorized, 8, 8192, 0.002861, 0.358, 2.800000
./vectorized, 8, 8192, 0.001907, 0.537, 2.800000
./vectorized, 8, 8192, 0.002146, 0.477, 2.800000
./vectorized, 8, 8192, 0.001907, 0.537, 2.800000
./vectorized, 8, 16384, 0.002146, 0.477, 2.800000
./vectorized, 8, 16384, 0.001907, 0.537, 2.800000
./vectorized, 8, 16384, 0.001907, 0.537, 2.800000
./vectorized, 8, 16384, 0.002146, 0.477, 2.800000
./vectorized, 8, 16384, 0.002146, 0.477, 2.800000
./vectorized, 8, 32768, 0.002146, 0.477, 2.800000
./vectorized, 8, 32768, 0.001907, 0.537, 2.800000
./vectorized, 8, 32768, 0.001907, 0.537, 2.800000
./vectorized, 8, 32768, 0.001907, 0.537, 2.800000
./vectorized, 8, 32768, 0.001907, 0.537, 2.800000
./vectorized, 16, 1, 0.622034, 0.013, 24.799999
./vectorized, 16, 1, 0.628948, 0.013, 24.799999
./vectorized, 16, 1, 0.622988, 0.013, 24.799999
./vectorized, 16, 1, 0.624180, 0.013, 24.799999
./vectorized, 16, 1, 0.633001, 0.013, 24.799999
./vectorized, 16, 2, 0.166893, 0.049, 24.799999
./vectorized, 16, 2, 0.180006, 0.046, 24.799999
./vectorized, 16, 2, 0.166893, 0.049, 24.799999
./vectorized, 16, 2, 0.165939, 0.049, 24.799999
./vectorized, 16, 2, 0.166893, 0.049, 24.799999
./vectorized, 16, 4, 0.047922, 0.171, 24.799999
./vectorized, 16, 4, 0.049114, 0.167, 24.799999
./vectorized, 16, 4, 0.048161, 0.170, 24.799999
./vectorized, 16, 4, 0.048876, 0.168, 24.799999
./vectorized, 16, 4, 0.047922, 0.171, 24.799999
./vectorized, 16, 8, 0.015974, 0.513, 24.799999
./vectorized, 16, 8, 0.015974, 0.513, 24.799999
./vectorized, 16, 8, 0.015974, 0.513, 24.799999
./vectorized, 16, 8, 0.015974, 0.513, 24.799999
./vectorized, 16, 8, 0.015020, 0.545, 24.799999
./vectorized, 16, 16, 0.008106, 1.011, 24.799999
./vectorized, 16, 16, 0.008106, 1.011, 24.799999
./vectorized, 16, 16, 0.006914, 1.185, 24.799999
./vectorized, 16, 16, 0.007868, 1.041, 24.799999
./vectorized, 16, 16, 0.008106, 1.011, 24.799999
./vectorized, 16, 32, 0.007868, 1.041, 24.799999
./vectorized, 16, 32, 0.009060, 0.904, 24.799999
./vectorized, 16, 32, 0.008106, 1.011, 24.799999
./vectorized, 16, 32, 0.008106, 1.011, 24.799999
./vectorized, 16, 32, 0.008106, 1.011, 24.799999
./vectorized, 16, 64, 0.008821, 0.929, 24.799999
./vectorized, 16, 64, 0.008106, 1.011, 24.799999
./vectorized, 16, 64, 0.007868, 1.041, 24.799999
./vectorized, 16, 64, 0.009060, 0.904, 24.799999
./vectorized, 16, 64, 0.008106, 1.011, 24.799999
./vectorized, 16, 128, 0.008106, 1.011, 24.799999
./vectorized, 16, 128, 0.008106, 1.011, 24.799999
./vectorized, 16, 128, 0.007868, 1.041, 24.799999
./vectorized, 16, 128, 0.008106, 1.011, 24.799999
./vectorized, 16, 128, 0.007868, 1.041, 24.799999
./vectorized, 16, 256, 0.008106, 1.011, 24.799999
./vectorized, 16, 256, 0.008106, 1.011, 24.799999
./vectorized, 16, 256, 0.009060, 0.904, 24.799999
./vectorized, 16, 256, 0.007868, 1.041, 24.799999
./vectorized, 16, 256, 0.009060, 0.904, 24.799999
./vectorized, 16, 512, 0.009060, 0.904, 24.799999
./vectorized, 16, 512, 0.008106, 1.011, 24.799999
./vectorized, 16, 512, 0.008106, 1.011, 24.799999
./vectorized, 16, 512, 0.007868, 1.041, 24.799999
./vectorized, 16, 512, 0.007868, 1.041, 24.799999
./vectorized, 16, 1024, 0.010014, 0.818, 24.799999
./vectorized, 16, 1024, 0.008106, 1.011, 24.799999
./vectorized, 16, 1024, 0.007868, 1.041, 24.799999
./vectorized, 16, 1024, 0.007868, 1.041, 24.799999
./vectorized, 16, 1024, 0.007868, 1.041, 24.799999
./vectorized, 16, 2048, 0.007868, 1.041, 24.799999
./vectorized, 16, 2048, 0.010014, 0.818, 24.799999
./vectorized, 16, 2048, 0.007868, 1.041, 24.799999
./vectorized, 16, 2048, 0.007868, 1.041, 24.799999
./vectorized, 16, 2048, 0.008106, 1.011, 24.799999
./vectorized, 16, 4096, 0.007868, 1.041, 24.799999
./vectorized, 16, 4096, 0.008106, 1.011, 24.799999
./vectorized, 16, 4096, 0.008106, 1.011, 24.799999
./vectorized, 16, 4096, 0.008106, 1.011, 24.799999
./vectorized, 16, 4096, 0.008106, 1.011, 24.799999
./vectorized, 16, 8192, 0.008106, 1.011, 24.799999
./vectorized, 16, 8192, 0.008106, 1.011, 24.799999
./vectorized, 16, 8192, 0.008106, 1.011, 24.799999
./vectorized, 16, 8192, 0.009060, 0.904, 24.799999
./vectorized, 16, 8192, 0.008106, 1.011, 24.799999
./vectorized, 16, 16384, 0.007868, 1.041, 24.799999
./vectorized, 16, 16384, 0.008106, 1.011, 24.799999
./vectorized, 16, 16384, 0.008106, 1.011, 24.799999
./vectorized, 16, 16384, 0.008106, 1.011, 24.799999
./vectorized, 16, 16384, 0.007868, 1.041, 24.799999
./vectorized, 16, 32768, 0.007868, 1.041, 24.799999
./vectorized, 16, 32768, 0.008106, 1.011, 24.799999
./vectorized, 16, 32768, 0.007868, 1.041, 24.799999
./vectorized, 16, 32768, 0.008106, 1.011, 24.799999
./vectorized, 16, 32768, 0.008106, 1.011, 24.799999
./vectorized, 32, 1, 15.213966, 0.004, 208.319992
./vectorized, 32, 1, 15.296936, 0.004, 208.319992
./vectorized, 32, 1, 15.272856, 0.004, 208.319992
./vectorized, 32, 1, 15.460014, 0.004, 208.319992
./vectorized, 32, 1, 15.574932, 0.004, 208.319992
./vectorized, 32, 2, 3.954887, 0.017, 208.319992
./vectorized, 32, 2, 3.940105, 0.017, 208.319992
./vectorized, 32, 2, 3.938913, 0.017, 208.319992
./vectorized, 32, 2, 3.933907, 0.017, 208.319992
./vectorized, 32, 2, 3.957987, 0.017, 208.319992
./vectorized, 32, 4, 1.053095, 0.062, 208.319992
./vectorized, 32, 4, 1.077890, 0.061, 208.319992
./vectorized, 32, 4, 1.044035, 0.063, 208.319992
./vectorized, 32, 4, 1.046896, 0.063, 208.319992
./vectorized, 32, 4, 1.081944, 0.061, 208.319992
./vectorized, 32, 8, 0.307083, 0.213, 208.319992
./vectorized, 32, 8, 0.293016, 0.224, 208.319992
./vectorized, 32, 8, 0.294924, 0.222, 208.319992
./vectorized, 32, 8, 0.293970, 0.223, 208.319992
./vectorized, 32, 8, 0.298977, 0.219, 208.319992
./vectorized, 32, 16, 0.110149, 0.595, 208.319992
./vectorized, 32, 16, 0.109911, 0.596, 208.319992
./vectorized, 32, 16, 0.110865, 0.591, 208.319992
./vectorized, 32, 16, 0.111818, 0.586, 208.319992
./vectorized, 32, 16, 0.114918, 0.570, 208.319992
./vectorized, 32, 32, 0.052214, 1.255, 208.319992
./vectorized, 32, 32, 0.050783, 1.291, 208.319992
./vectorized, 32, 32, 0.051975, 1.261, 208.319992
./vectorized, 32, 32, 0.052929, 1.238, 208.319992
./vectorized, 32, 32, 0.051975, 1.261, 208.319992
./vectorized, 32, 64, 0.051975, 1.261, 208.319992
./vectorized, 32, 64, 0.051975, 1.261, 208.319992
./vectorized, 32, 64, 0.070095, 0.935, 208.319992
./vectorized, 32, 64, 0.051022, 1.284, 208.319992
./vectorized, 32, 64, 0.051975, 1.261, 208.319992
./vectorized, 32, 128, 0.051022, 1.284, 208.319992
./vectorized, 32, 128, 0.051975, 1.261, 208.319992
./vectorized, 32, 128, 0.053167, 1.233, 208.319992
./vectorized, 32, 128, 0.052929, 1.238, 208.319992
./vectorized, 32, 128, 0.050783, 1.291, 208.319992
./vectorized, 32, 256, 0.060081, 1.091, 208.319992
./vectorized, 32, 256, 0.051975, 1.261, 208.319992
./vectorized, 32, 256, 0.051975, 1.261, 208.319992
./vectorized, 32, 256, 0.051975, 1.261, 208.319992
./vectorized, 32, 256, 0.051022, 1.284, 208.319992
./vectorized, 32, 512, 0.051975, 1.261, 208.319992
./vectorized, 32, 512, 0.052929, 1.238, 208.319992
./vectorized, 32, 512, 0.051975, 1.261, 208.319992
./vectorized, 32, 512, 0.052929, 1.238, 208.319992
./vectorized, 32, 512, 0.051022, 1.284, 208.319992
./vectorized, 32, 1024, 0.051975, 1.261, 208.319992
./vectorized, 32, 1024, 0.051975, 1.261, 208.319992
./vectorized, 32, 1024, 0.052929, 1.238, 208.319992
./vectorized, 32, 1024, 0.052929, 1.238, 208.319992
./vectorized, 32, 1024, 0.052929, 1.238, 208.319992
./vectorized, 32, 2048, 0.051975, 1.261, 208.319992
./vectorized, 32, 2048, 0.051022, 1.284, 208.319992
./vectorized, 32, 2048, 0.052214, 1.255, 208.319992
./vectorized, 32, 2048, 0.051022, 1.284, 208.319992
./vectorized, 32, 2048, 0.051975, 1.261, 208.319992
./vectorized, 32, 4096, 0.054121, 1.211, 208.319992
./vectorized, 32, 4096, 0.052214, 1.255, 208.319992
./vectorized, 32, 4096, 0.051975, 1.261, 208.319992
./vectorized, 32, 4096, 0.053883, 1.216, 208.319992
./vectorized, 32, 4096, 0.053883, 1.216, 208.319992
./vectorized, 32, 8192, 0.051022, 1.284, 208.319992
./vectorized, 32, 8192, 0.051975, 1.261, 208.319992
./vectorized, 32, 8192, 0.052929, 1.238, 208.319992
./vectorized, 32, 8192, 0.052929, 1.238, 208.319992
./vectorized, 32, 8192, 0.050783, 1.291, 208.319992
./vectorized, 32, 16384, 0.051975, 1.261, 208.319992
./vectorized, 32, 16384, 0.052929, 1.238, 208.319992
./vectorized, 32, 16384, 0.051975, 1.261, 208.319992
./vectorized, 32, 16384, 0.052214, 1.255, 208.319992
./vectorized, 32, 16384, 0.051975, 1.261, 208.319992
./vectorized, 32, 32768, 0.051975, 1.261, 208.319992
./vectorized, 32, 32768, 0.051022, 1.284, 208.319992
./vectorized, 32, 32768, 0.051022, 1.284, 208.319992
./vectorized, 32, 32768, 0.052214, 1.255, 208.319992
./vectorized, 32, 32768, 0.056028, 1.170, 208.319992
./vectorized, 64, 1, 437.371016, 0.001, 1706.880127
./vectorized, 64, 1, 433.681965, 0.001, 1706.880127
./vectorized, 64, 1, 420.820951, 0.001, 1706.880127
./vectorized, 64, 1, 422.621012, 0.001, 1706.880127
./vectorized, 64, 1, 422.538996, 0.001, 1706.880127
./vectorized, 64, 2, 107.248068, 0.005, 1706.880127
./vectorized, 64, 2, 107.376099, 0.005, 1706.880127
./vectorized, 64, 2, 107.153177, 0.005, 1706.880127
./vectorized, 64, 2, 107.308865, 0.005, 1706.880127
./vectorized, 64, 2, 107.257128, 0.005, 1706.880127
./vectorized, 64, 4, 27.611017, 0.019, 1706.880127
./vectorized, 64, 4, 27.643919, 0.019, 1706.880127
./vectorized, 64, 4, 27.663946, 0.019, 1706.880127
./vectorized, 64, 4, 27.649879, 0.019, 1706.880127
./vectorized, 64, 4, 27.558804, 0.019, 1706.880127
./vectorized, 64, 8, 7.589102, 0.069, 1706.880127
./vectorized, 64, 8, 7.319927, 0.072, 1706.880127
./vectorized, 64, 8, 7.279873, 0.072, 1706.880127
./vectorized, 64, 8, 7.416964, 0.071, 1706.880127
./vectorized, 64, 8, 7.787943, 0.067, 1706.880127
./vectorized, 64, 16, 2.255917, 0.232, 1706.880127
./vectorized, 64, 16, 2.273798, 0.231, 1706.880127
./vectorized, 64, 16, 2.280951, 0.230, 1706.880127
./vectorized, 64, 16, 2.281189, 0.230, 1706.880127
./vectorized, 64, 16, 2.256155, 0.232, 1706.880127
./vectorized, 64, 32, 0.826120, 0.635, 1706.880127
./vectorized, 64, 32, 0.851154, 0.616, 1706.880127
./vectorized, 64, 32, 0.825167, 0.635, 1706.880127
./vectorized, 64, 32, 0.827074, 0.634, 1706.880127
./vectorized, 64, 32, 0.960112, 0.546, 1706.880127
./vectorized, 64, 64, 0.395060, 1.327, 1706.880127
./vectorized, 64, 64, 0.381947, 1.373, 1706.880127
./vectorized, 64, 64, 0.375986, 1.394, 1706.880127
./vectorized, 64, 64, 0.377893, 1.387, 1706.880127
./vectorized, 64, 64, 0.401020, 1.307, 1706.880127
./vectorized, 64, 128, 0.380039, 1.380, 1706.880127
./vectorized, 64, 128, 0.376940, 1.391, 1706.880127
./vectorized, 64, 128, 0.403881, 1.298, 1706.880127
./vectorized, 64, 128, 0.378847, 1.384, 1706.880127
./vectorized, 64, 128, 0.385046, 1.362, 1706.880127
./vectorized, 64, 256, 0.401974, 1.304, 1706.880127
./vectorized, 64, 256, 0.378847, 1.384, 1706.880127
./vectorized, 64, 256, 0.390053, 1.344, 1706.880127
./vectorized, 64, 256, 0.378132, 1.387, 1706.880127
./vectorized, 64, 256, 0.379086, 1.383, 1706.880127
./vectorized, 64, 512, 0.384092, 1.365, 1706.880127
./vectorized, 64, 512, 0.378847, 1.384, 1706.880127
./vectorized, 64, 512, 0.387907, 1.352, 1706.880127
./vectorized, 64, 512, 0.385046, 1.362, 1706.880127
./vectorized, 64, 512, 0.376940, 1.391, 1706.880127
./vectorized, 64, 1024, 0.379086, 1.383, 1706.880127
./vectorized, 64, 1024, 0.380993, 1.376, 1706.880127
./vectorized, 64, 1024, 0.377893, 1.387, 1706.880127
./vectorized, 64, 1024, 0.379086, 1.383, 1706.880127
./vectorized, 64, 1024, 0.377893, 1.387, 1706.880127
./vectorized, 64, 2048, 0.378132, 1.387, 1706.880127
./vectorized, 64, 2048, 0.376940, 1.391, 1706.880127
./vectorized, 64, 2048, 0.384092, 1.365, 1706.880127
./vectorized, 64, 2048, 0.377893, 1.387, 1706.880127
./vectorized, 64, 2048, 0.392914, 1.334, 1706.880127
./vectorized, 64, 4096, 0.377893, 1.387, 1706.880127
./vectorized, 64, 4096, 0.392199, 1.337, 1706.880127
./vectorized, 64, 4096, 0.385046, 1.362, 1706.880127
./vectorized, 64, 4096, 0.376940, 1.391, 1706.880127
./vectorized, 64, 4096, 0.376940, 1.391, 1706.880127
./vectorized, 64, 8192, 0.388861, 1.348, 1706.880127
./vectorized, 64, 8192, 0.386953, 1.355, 1706.880127
./vectorized, 64, 8192, 0.378132, 1.387, 1706.880127
./vectorized, 64, 8192, 0.380039, 1.380, 1706.880127
./vectorized, 64, 8192, 0.390053, 1.344, 1706.880127
./vectorized, 64, 16384, 0.382185, 1.372, 1706.880127
./vectorized, 64, 16384, 0.376940, 1.391, 1706.880127
./vectorized, 64, 16384, 0.377893, 1.387, 1706.880127
./vectorized, 64, 16384, 0.377893, 1.387, 1706.880127
./vectorized, 64, 16384, 0.390053, 1.344, 1706.880127
./vectorized, 64, 32768, 0.379086, 1.383, 1706.880127
./vectorized, 64, 32768, 0.391960, 1.338, 1706.880127
./vectorized, 64, 32768, 0.378847, 1.384, 1706.880127
./vectorized, 64, 32768, 0.396013, 1.324, 1706.880127
./vectorized, 64, 32768, 0.384092, 1.365, 1706.880127
./vectorized, 128, 1, 12521.426201, 0.000, 13817.601562
./vectorized, 128, 1, 12580.404997, 0.000, 13817.601562
./vectorized, 128, 1, 12555.862188, 0.000, 13817.601562
./vectorized, 128, 1, 12562.825918, 0.000, 13817.601562
./vectorized, 128, 1, 12538.770199, 0.000, 13817.601562
./vectorized, 128, 2, 3156.385899, 0.001, 13817.601562
./vectorized, 128, 2, 3233.041048, 0.001, 13817.601562
./vectorized, 128, 2, 3160.560846, 0.001, 13817.601562
./vectorized, 128, 2, 3164.613008, 0.001, 13817.601562
./vectorized, 128, 2, 3162.277937, 0.001, 13817.601562
./vectorized, 128, 4, 808.525801, 0.005, 13817.601562
./vectorized, 128, 4, 802.998066, 0.005, 13817.601562
./vectorized, 128, 4, 804.131031, 0.005, 13817.601562
./vectorized, 128, 4, 803.148985, 0.005, 13817.601562
./vectorized, 128, 4, 832.051039, 0.005, 13817.601562
./vectorized, 128, 8, 213.953018, 0.020, 13817.601562
./vectorized, 128, 8, 206.228018, 0.020, 13817.601562
./vectorized, 128, 8, 209.899902, 0.020, 13817.601562
./vectorized, 128, 8, 206.799030, 0.020, 13817.601562
./vectorized, 128, 8, 207.372904, 0.020, 13817.601562
./vectorized, 128, 16, 57.965994, 0.072, 13817.601562
./vectorized, 128, 16, 58.062077, 0.072, 13817.601562
./vectorized, 128, 16, 58.171034, 0.072, 13817.601562
./vectorized, 128, 16, 57.945013, 0.072, 13817.601562
./vectorized, 128, 16, 57.963848, 0.072, 13817.601562
./vectorized, 128, 32, 17.987013, 0.233, 13817.601562
./vectorized, 128, 32, 17.908096, 0.234, 13817.601562
./vectorized, 128, 32, 18.212080, 0.230, 13817.601562
./vectorized, 128, 32, 17.930031, 0.234, 13817.601562
./vectorized, 128, 32, 17.981052, 0.233, 13817.601562
./vectorized, 128, 64, 6.546974, 0.641, 13817.601562
./vectorized, 128, 64, 6.526947, 0.643, 13817.601562
./vectorized, 128, 64, 6.543875, 0.641, 13817.601562
./vectorized, 128, 64, 6.507158, 0.645, 13817.601562
./vectorized, 128, 64, 6.546974, 0.641, 13817.601562
./vectorized, 128, 128, 2.953053, 1.420, 13817.601562
./vectorized, 128, 128, 2.933025, 1.430, 13817.601562
./vectorized, 128, 128, 2.939939, 1.427, 13817.601562
./vectorized, 128, 128, 2.947092, 1.423, 13817.601562
./vectorized, 128, 128, 2.945900, 1.424, 13817.601562
./vectorized, 128, 256, 2.978086, 1.408, 13817.601562
./vectorized, 128, 256, 3.076077, 1.364, 13817.601562
./vectorized, 128, 256, 2.954006, 1.420, 13817.601562
./vectorized, 128, 256, 2.949953, 1.422, 13817.601562
./vectorized, 128, 256, 2.964020, 1.415, 13817.601562
./vectorized, 128, 512, 2.935171, 1.429, 13817.601562
./vectorized, 128, 512, 2.928972, 1.432, 13817.601562
./vectorized, 128, 512, 2.942085, 1.426, 13817.601562
./vectorized, 128, 512, 3.958941, 1.059, 13817.601562
./vectorized, 128, 512, 2.937794, 1.428, 13817.601562
./vectorized, 128, 1024, 3.078938, 1.362, 13817.601562
./vectorized, 128, 1024, 2.938986, 1.427, 13817.601562
./vectorized, 128, 1024, 2.939939, 1.427, 13817.601562
./vectorized, 128, 1024, 2.926111, 1.433, 13817.601562
./vectorized, 128, 1024, 2.944946, 1.424, 13817.601562
./vectorized, 128, 2048, 2.945900, 1.424, 13817.601562
./vectorized, 128, 2048, 3.053904, 1.373, 13817.601562
./vectorized, 128, 2048, 2.938986, 1.427, 13817.601562
./vectorized, 128, 2048, 2.941847, 1.426, 13817.601562
./vectorized, 128, 2048, 2.942801, 1.425, 13817.601562
./vectorized, 128, 4096, 2.951145, 1.421, 13817.601562
./vectorized, 128, 4096, 3.034115, 1.382, 13817.601562
./vectorized, 128, 4096, 2.948046, 1.423, 13817.601562
./vectorized, 128, 4096, 2.951145, 1.421, 13817.601562
./vectorized, 128, 4096, 2.963066, 1.416, 13817.601562
./vectorized, 128, 8192, 3.097057, 1.354, 13817.601562
./vectorized, 128, 8192, 2.948999, 1.422, 13817.601562
./vectorized, 128, 8192, 2.938032, 1.428, 13817.601562
./vectorized, 128, 8192, 2.929926, 1.432, 13817.601562
./vectorized, 128, 8192, 2.944946, 1.424, 13817.601562
./vectorized, 128, 16384, 3.080845, 1.361, 13817.601562
./vectorized, 128, 16384, 2.960920, 1.417, 13817.601562
./vectorized, 128, 16384, 2.943039, 1.425, 13817.601562
./vectorized, 128, 16384, 2.953053, 1.420, 13817.601562
./vectorized, 128, 16384, 2.932072, 1.430, 13817.601562
./vectorized, 128, 32768, 2.972126, 1.411, 13817.601562
./vectorized, 128, 32768, 2.945900, 1.424, 13817.601562
./vectorized, 128, 32768, 3.008127, 1.394, 13817.601562
./vectorized, 128, 32768, 2.936125, 1.429, 13817.601562
./vectorized, 128, 32768, 2.926111, 1.433, 13817.601562
./vectorized, 256, 1, 385820.204973, 0.000, 111193.601562
./vectorized, 256, 1, 385038.022041, 0.000, 111193.601562
./vectorized, 256, 1, 385296.466827, 0.000, 111193.601562
./vectorized, 256, 1, 393505.997896, 0.000, 111193.601562
./vectorized, 256, 1, 383859.683037, 0.000, 111193.601562
./vectorized, 256, 2, 96744.651079, 0.000, 111193.601562
./vectorized, 256, 2, 96216.618061, 0.000, 111193.601562
./vectorized, 256, 2, 96556.025028, 0.000, 111193.601562
./vectorized, 256, 2, 96359.113216, 0.000, 111193.601562
./vectorized, 256, 2, 96427.647114, 0.000, 111193.601562
./vectorized, 256, 4, 24679.588079, 0.001, 111193.601562
./vectorized, 256, 4, 25172.766924, 0.001, 111193.601562
./vectorized, 256, 4, 24342.666864, 0.001, 111193.601562
./vectorized, 256, 4, 24306.232929, 0.001, 111193.601562
./vectorized, 256, 4, 24396.512032, 0.001, 111193.601562
./vectorized, 256, 8, 6178.107023, 0.005, 111193.601562
./vectorized, 256, 8, 6195.572853, 0.005, 111193.601562
./vectorized, 256, 8, 6188.153028, 0.005, 111193.601562
./vectorized, 256, 8, 6198.190928, 0.005, 111193.601562
./vectorized, 256, 8, 6316.040993, 0.005, 111193.601562
./vectorized, 256, 16, 1636.300802, 0.021, 111193.601562
./vectorized, 256, 16, 1702.476978, 0.020, 111193.601562
./vectorized, 256, 16, 1642.399788, 0.020, 111193.601562
./vectorized, 256, 16, 1660.307169, 0.020, 111193.601562
./vectorized, 256, 16, 1679.790020, 0.020, 111193.601562
./vectorized, 256, 32, 459.915876, 0.073, 111193.601562
./vectorized, 256, 32, 464.236021, 0.072, 111193.601562
./vectorized, 256, 32, 460.422993, 0.073, 111193.601562
./vectorized, 256, 32, 459.639072, 0.073, 111193.601562
./vectorized, 256, 32, 476.965904, 0.070, 111193.601562
./vectorized, 256, 64, 144.010782, 0.233, 111193.601562
./vectorized, 256, 64, 141.852856, 0.237, 111193.601562
./vectorized, 256, 64, 142.731905, 0.235, 111193.601562
./vectorized, 256, 64, 143.334866, 0.234, 111193.601562
./vectorized, 256, 64, 142.658949, 0.235, 111193.601562
./vectorized, 256, 128, 51.727057, 0.649, 111193.601562
./vectorized, 256, 128, 52.009106, 0.645, 111193.601562
./vectorized, 256, 128, 52.291870, 0.642, 111193.601562
./vectorized, 256, 128, 52.013874, 0.645, 111193.601562
./vectorized, 256, 128, 51.939964, 0.646, 111193.601562
./vectorized, 256, 256, 23.223162, 1.445, 111193.601562
./vectorized, 256, 256, 23.108959, 1.452, 111193.601562
./vectorized, 256, 256, 23.085117, 1.454, 111193.601562
./vectorized, 256, 256, 23.812056, 1.409, 111193.601562
./vectorized, 256, 256, 23.137093, 1.450, 111193.601562
./vectorized, 256, 512, 23.730040, 1.414, 111193.601562
./vectorized, 256, 512, 23.147106, 1.450, 111193.601562
./vectorized, 256, 512, 23.188114, 1.447, 111193.601562
./vectorized, 256, 512, 23.322821, 1.439, 111193.601562
./vectorized, 256, 512, 23.319960, 1.439, 111193.601562
./vectorized, 256, 1024, 23.117065, 1.452, 111193.601562
./vectorized, 256, 1024, 23.169994, 1.448, 111193.601562
./vectorized, 256, 1024, 23.201942, 1.446, 111193.601562
./vectorized, 256, 1024, 23.178101, 1.448, 111193.601562
./vectorized, 256, 1024, 23.188829, 1.447, 111193.601562
./vectorized, 256, 2048, 23.812056, 1.409, 111193.601562
./vectorized, 256, 2048, 23.885965, 1.405, 111193.601562
./vectorized, 256, 2048, 23.334026, 1.438, 111193.601562
./vectorized, 256, 2048, 23.243904, 1.444, 111193.601562
./vectorized, 256, 2048, 23.289919, 1.441, 111193.601562
./vectorized, 256, 4096, 23.185968, 1.447, 111193.601562
./vectorized, 256, 4096, 23.103952, 1.452, 111193.601562
./vectorized, 256, 4096, 23.074150, 1.454, 111193.601562
./vectorized, 256, 4096, 23.162842, 1.449, 111193.601562
./vectorized, 256, 4096, 23.305893, 1.440, 111193.601562
./vectorized, 256, 8192, 23.109913, 1.452, 111193.601562
./vectorized, 256, 8192, 23.916960, 1.403, 111193.601562
./vectorized, 256, 8192, 23.164988, 1.448, 111193.601562
./vectorized, 256, 8192, 23.617029, 1.421, 111193.601562
./vectorized, 256, 8192, 24.358988, 1.377, 111193.601562
./vectorized, 256, 16384, 23.344040, 1.437, 111193.601562
./vectorized, 256, 16384, 23.241043, 1.444, 111193.601562
./vectorized, 256, 16384, 23.244143, 1.444, 111193.601562
./vectorized, 256, 16384, 23.644924, 1.419, 111193.601562
./vectorized, 256, 16384, 23.264170, 1.442, 111193.601562
./vectorized, 256, 32768, 23.327827, 1.438, 111193.601562
./vectorized, 256, 32768, 23.195028, 1.447, 111193.601562
./vectorized, 256, 32768, 23.103952, 1.452, 111193.601562
./vectorized, 256, 32768, 23.133993, 1.450, 111193.601562
./vectorized, 256, 32768, 23.318052, 1.439, 111193.601562
./vectorized, 512, 1, 12233129.455090, 0.000, 892165.187500
./vectorized, 512, 1, 12093360.839128, 0.000, 892165.187500
./vectorized, 512, 1, 12074326.917171, 0.000, 892165.187500
./vectorized, 512, 1, 12005293.846846, 0.000, 892165.187500
./vectorized, 512, 1, 11754959.932089, 0.000, 892165.187500
./vectorized, 512, 2, 2971165.194035, 0.000, 892165.187500
./vectorized, 512, 2, 3006098.546028, 0.000, 892165.187500
./vectorized, 512, 2, 3114792.386055, 0.000, 892165.187500
./vectorized, 512, 2, 3037091.063023, 0.000, 892165.187500
./vectorized, 512, 2, 3116621.236801, 0.000, 892165.187500
./vectorized, 512, 4, 762987.856865, 0.000, 892165.187500
./vectorized, 512, 4, 761809.571981, 0.000, 892165.187500
./vectorized, 512, 4, 771305.336952, 0.000, 892165.187500
./vectorized, 512, 4, 773437.031031, 0.000, 892165.187500
./vectorized, 512, 4, 763859.429836, 0.000, 892165.187500
./vectorized, 512, 8, 192939.130068, 0.001, 892165.187500
./vectorized, 512, 8, 191823.471069, 0.001, 892165.187500
./vectorized, 512, 8, 192131.461859, 0.001, 892165.187500
./vectorized, 512, 8, 192448.409081, 0.001, 892165.187500
./vectorized, 512, 8, 191937.982082, 0.001, 892165.187500
./vectorized, 512, 16, 49757.791996, 0.005, 892165.187500
./vectorized, 512, 16, 50656.289101, 0.005, 892165.187500
./vectorized, 512, 16, 49767.984867, 0.005, 892165.187500
./vectorized, 512, 16, 49701.785088, 0.005, 892165.187500
./vectorized, 512, 16, 49722.167015, 0.005, 892165.187500
./vectorized, 512, 32, 13212.638855, 0.020, 892165.187500
./vectorized, 512, 32, 13171.797037, 0.020, 892165.187500
./vectorized, 512, 32, 13341.696024, 0.020, 892165.187500
./vectorized, 512, 32, 13134.531021, 0.020, 892165.187500
./vectorized, 512, 32, 13431.006908, 0.020, 892165.187500
./vectorized, 512, 64, 3809.462070, 0.070, 892165.187500
./vectorized, 512, 64, 3703.992128, 0.072, 892165.187500
./vectorized, 512, 64, 3791.224003, 0.071, 892165.187500
./vectorized, 512, 64, 3728.532076, 0.072, 892165.187500
./vectorized, 512, 64, 3764.750957, 0.071, 892165.187500
./vectorized, 512, 128, 1155.753851, 0.232, 892165.187500
./vectorized, 512, 128, 1162.791967, 0.231, 892165.187500
./vectorized, 512, 128, 1173.177004, 0.229, 892165.187500
./vectorized, 512, 128, 1169.734001, 0.229, 892165.187500
./vectorized, 512, 128, 1153.544188, 0.233, 892165.187500
./vectorized, 512, 256, 422.080994, 0.636, 892165.187500
./vectorized, 512, 256, 418.430090, 0.642, 892165.187500
./vectorized, 512, 256, 417.644978, 0.643, 892165.187500
./vectorized, 512, 256, 417.598963, 0.643, 892165.187500
./vectorized, 512, 256, 418.062925, 0.642, 892165.187500
./vectorized, 512, 512, 188.351870, 1.425, 892165.187500
./vectorized, 512, 512, 184.887886, 1.452, 892165.187500
./vectorized, 512, 512, 187.943935, 1.428, 892165.187500
./vectorized, 512, 512, 187.376976, 1.433, 892165.187500
./vectorized, 512, 512, 186.582804, 1.439, 892165.187500
./vectorized, 512, 1024, 187.336922, 1.433, 892165.187500
./vectorized, 512, 1024, 188.385010, 1.425, 892165.187500
./vectorized, 512, 1024, 186.860085, 1.437, 892165.187500
./vectorized, 512, 1024, 188.604116, 1.423, 892165.187500
./vectorized, 512, 1024, 188.799143, 1.422, 892165.187500
./vectorized, 512, 2048, 185.199022, 1.449, 892165.187500
./vectorized, 512, 2048, 186.754942, 1.437, 892165.187500
./vectorized, 512, 2048, 187.518120, 1.432, 892165.187500
./vectorized, 512, 2048, 188.235998, 1.426, 892165.187500
./vectorized, 512, 2048, 187.788010, 1.429, 892165.187500
./vectorized, 512, 4096, 186.143875, 1.442, 892165.187500
./vectorized, 512, 4096, 185.941935, 1.444, 892165.187500
./vectorized, 512, 4096, 187.150955, 1.434, 892165.187500
./vectorized, 512, 4096, 187.336922, 1.433, 892165.187500
./vectorized, 512, 4096, 188.313961, 1.425, 892165.187500
./vectorized, 512, 8192, 188.202858, 1.426, 892165.187500
./vectorized, 512, 8192, 188.611031, 1.423, 892165.187500
./vectorized, 512, 8192, 187.840939, 1.429, 892165.187500
./vectorized, 512, 8192, 188.571930, 1.424, 892165.187500
./vectorized, 512, 8192, 187.382936, 1.433, 892165.187500
./vectorized, 512, 16384, 186.545849, 1.439, 892165.187500
./vectorized, 512, 16384, 185.558081, 1.447, 892165.187500
./vectorized, 512, 16384, 187.066078, 1.435, 892165.187500
./vectorized, 512, 16384, 188.730955, 1.422, 892165.187500
./vectorized, 512, 16384, 188.541174, 1.424, 892165.187500
./vectorized, 512, 32768, 188.277006, 1.426, 892165.187500
./vectorized, 512, 32768, 186.461210, 1.440, 892165.187500
./vectorized, 512, 32768, 189.206123, 1.419, 892165.187500
./vectorized, 512, 32768, 185.781002, 1.445, 892165.187500
./vectorized, 512, 32768, 185.462952, 1.447, 892165.187500
